,modified Zurich class,largest spot size,spot distribution,activity,evolution,previous 24 hour flare activity,historically-complex,became complex on this pass,area,area of largest spot,common flares,moderate flares,severe flares,sum of flares,target
0,1.0,4.0,2.0,1,2,1,1,2,1,2,0,0,0,0,0
1,2.0,4.0,2.0,1,3,1,1,2,1,2,0,0,0,0,0
2,1.0,4.0,2.0,1,3,1,1,2,1,1,0,0,0,0,0
3,2.0,4.0,2.0,1,3,1,1,2,1,2,0,0,0,0,0
4,2.0,0.0,2.0,1,3,1,1,2,1,2,0,0,0,0,0
5,2.0,0.0,2.0,1,2,1,1,2,1,2,0,0,0,0,0
6,2.0,0.0,2.0,1,2,1,1,2,1,1,0,0,0,0,0
7,2.0,0.0,2.0,1,2,1,1,2,1,2,0,0,0,0,0
8,2.0,2.0,2.0,1,3,1,1,2,1,2,0,0,0,0,0
9,1.0,3.0,2.0,1,3,1,1,2,1,1,0,0,0,0,0
10,0.0,5.0,2.0,1,3,1,1,2,1,1,0,0,0,0,0
11,2.0,4.0,2.0,1,2,1,1,2,1,1,0,0,0,0,0
12,1.0,1.0,1.0,1,3,1,1,2,1,2,0,0,0,0,0
13,2.0,3.0,2.0,1,3,1,1,2,1,1,0,0,0,0,0
14,0.0,5.0,2.0,1,2,1,1,2,1,1,0,0,0,0,0
15,0.0,5.0,2.0,1,3,1,1,2,1,1,0,0,0,0,0
16,2.0,2.0,1.0,1,3,1,1,2,1,2,0,0,0,0,0
17,2.0,4.0,2.0,1,2,1,1,2,1,2,0,0,0,0,0
18,2.0,3.0,2.0,1,2,1,1,2,1,1,0,0,0,0,0
19,1.0,0.0,1.0,1,2,1,1,2,1,2,0,0,0,0,0
20,1.0,4.0,2.0,1,2,1,1,2,1,1,0,0,0,0,0
21,0.0,5.0,2.0,1,3,1,1,2,1,1,0,0,0,0,0
22,4.0,2.0,1.0,1,3,1,2,2,1,2,0,0,0,0,0
23,0.0,5.0,2.0,1,2,1,1,2,1,1,0,0,0,0,0
24,5.0,3.0,3.0,1,2,1,1,1,1,2,0,0,0,0,0
25,0.0,5.0,1.0,1,3,1,1,2,1,1,0,0,0,0,0
26,1.0,3.0,1.0,1,3,1,1,2,1,2,0,0,0,0,0
27,0.0,5.0,2.0,1,3,1,1,2,1,1,0,0,0,0,0
28,0.0,5.0,2.0,1,3,1,1,2,1,2,0,0,0,0,0
29,2.0,0.0,1.0,1,3,1,2,2,1,2,0,0,0,0,0
30,2.0,0.0,2.0,1,3,1,1,2,1,2,1,0,1,2,1
31,0.0,5.0,2.0,1,3,1,1,2,1,1,0,0,0,0,0
32,2.0,0.0,1.0,1,3,1,1,2,1,2,0,0,0,0,0
33,0.0,5.0,2.0,1,3,1,1,2,1,2,0,0,0,0,0
34,2.0,3.0,2.0,1,3,1,1,2,1,2,0,0,0,0,0
35,2.0,0.0,2.0,1,2,1,1,2,1,1,0,0,0,0,0
36,1.0,0.0,1.0,1,3,1,1,2,1,1,0,0,0,0,0
37,2.0,0.0,1.0,1,2,1,2,2,1,1,1,0,0,1,1
38,2.0,0.0,1.0,2,2,3,1,2,1,2,0,0,0,0,0
39,2.0,0.0,1.0,1,2,1,2,2,1,2,0,0,0,0,0
40,0.0,5.0,2.0,1,3,1,1,2,1,1,0,0,0,0,0
41,2.0,3.0,2.0,1,1,1,1,2,1,1,0,0,0,0,0
42,2.0,0.0,1.0,1,2,1,1,2,1,1,0,0,0,0,0
43,2.0,4.0,2.0,1,1,1,1,2,1,1,0,0,0,0,0
44,2.0,4.0,1.0,1,3,1,1,2,1,1,0,0,0,0,0
45,2.0,0.0,1.0,1,3,1,2,2,1,2,2,1,0,3,1
46,2.0,0.0,1.0,2,3,1,2,2,1,1,0,0,0,0,0
47,2.0,0.0,1.0,1,2,1,2,2,1,1,0,0,0,0,0
48,0.0,5.0,2.0,1,2,1,1,2,1,1,0,0,0,0,0
49,2.0,4.0,2.0,1,3,1,2,2,1,2,0,0,0,0,0
50,2.0,4.0,2.0,1,3,1,1,2,1,1,0,0,0,0,0
51,0.0,5.0,2.0,1,3,1,1,2,1,1,0,0,0,0,0
52,2.0,0.0,2.0,1,3,1,2,2,1,2,0,0,0,0,0
53,2.0,2.0,0.0,2,3,1,2,2,1,2,1,1,0,2,1
54,2.0,0.0,1.0,1,3,1,2,2,1,2,0,0,0,0,0
55,0.0,5.0,2.0,1,3,1,1,2,1,1,0,0,0,0,0
56,2.0,0.0,2.0,1,3,1,2,2,1,2,0,0,0,0,0
57,2.0,4.0,1.0,1,3,1,1,2,1,1,0,0,0,0,0
58,2.0,2.0,0.0,1,2,1,1,2,1,2,0,0,0,0,0
59,2.0,0.0,1.0,1,2,1,1,2,1,2,0,0,0,0,0
60,0.0,5.0,2.0,1,3,1,1,2,1,1,0,0,0,0,0
61,2.0,4.0,2.0,1,2,1,2,2,1,2,0,0,0,0,0
62,2.0,2.0,0.0,2,3,3,2,2,1,2,1,2,1,4,1
63,3.0,2.0,1.0,2,3,1,2,2,1,2,0,0,0,0,0
64,2.0,4.0,1.0,1,3,1,2,2,1,2,1,0,0,1,1
65,1.0,4.0,2.0,1,2,1,2,2,1,2,0,0,0,0,0
66,2.0,4.0,1.0,1,3,1,2,2,1,2,0,0,0,0,0
67,5.0,1.0,3.0,1,2,1,2,2,1,1,1,0,0,1,1
68,2.0,4.0,1.0,1,3,1,2,2,1,2,0,0,0,0,0
69,0.0,5.0,2.0,1,3,1,1,2,1,1,0,0,0,0,0
70,0.0,5.0,2.0,1,3,1,1,2,1,1,0,0,0,0,0
71,1.0,3.0,2.0,1,3,1,1,2,1,1,0,0,0,0,0
72,5.0,4.0,3.0,1,2,1,1,1,1,2,0,0,0,0,0
73,2.0,0.0,2.0,1,2,1,2,2,1,2,0,0,0,0,0
74,2.0,2.0,0.0,2,2,3,2,2,1,2,0,0,0,0,0
75,2.0,2.0,1.0,1,3,1,2,2,1,2,0,2,1,3,1
76,2.0,4.0,1.0,1,2,1,2,2,1,1,0,1,0,1,1
77,1.0,0.0,2.0,1,2,1,2,2,1,2,0,0,0,0,0
78,2.0,4.0,2.0,1,1,1,2,2,1,2,0,0,0,0,0
79,5.0,4.0,3.0,1,3,1,2,2,1,2,0,0,0,0,0
80,2.0,2.0,1.0,1,3,1,2,2,1,2,0,0,0,0,0
81,5.0,3.0,3.0,1,2,1,1,2,1,2,0,0,0,0,0
82,0.0,5.0,2.0,1,2,1,1,2,1,1,0,0,0,0,0
83,5.0,4.0,3.0,1,3,1,1,1,1,2,0,0,0,0,0
84,1.0,4.0,2.0,1,1,1,2,2,1,2,0,0,0,0,0
85,2.0,2.0,0.0,2,2,3,2,2,1,2,0,0,0,0,0
86,2.0,0.0,1.0,1,2,1,2,2,1,2,0,0,0,0,0
87,1.0,4.0,2.0,2,2,1,2,2,1,1,0,0,0,0,0
88,1.0,4.0,2.0,1,2,1,2,2,1,2,0,0,0,0,0
89,1.0,4.0,2.0,1,2,1,2,2,1,2,0,0,0,0,0
90,1.0,4.0,2.0,2,3,1,2,2,1,2,0,0,0,0,0
91,2.0,2.0,1.0,1,3,1,2,2,1,2,0,1,0,1,1
92,5.0,3.0,3.0,1,2,1,1,2,1,2,0,0,0,0,0
93,5.0,4.0,3.0,1,3,1,1,1,1,2,0,0,0,0,0
94,1.0,4.0,2.0,1,2,1,1,2,1,2,1,0,0,1,1
95,1.0,2.0,2.0,1,2,3,2,2,1,2,0,0,0,0,0
96,1.0,4.0,2.0,1,1,3,2,2,1,2,0,0,0,0,0
97,1.0,4.0,2.0,1,1,1,2,2,1,2,0,0,0,0,0
98,1.0,2.0,1.0,1,3,1,2,2,1,2,0,0,0,0,0
99,3.0,0.0,0.0,1,3,1,2,2,1,2,0,0,0,0,0
100,5.0,3.0,3.0,1,2,1,1,2,1,2,0,0,0,0,0
101,5.0,4.0,3.0,1,2,1,1,1,1,2,0,0,0,0,0
102,5.0,3.0,3.0,1,2,1,1,2,1,2,0,0,0,0,0
103,5.0,4.0,3.0,2,2,1,1,2,1,2,0,0,0,0,0
104,0.0,5.0,2.0,1,3,1,1,2,1,2,0,0,0,0,0
105,1.0,4.0,1.0,1,2,1,2,2,1,2,0,0,0,0,0
106,5.0,4.0,3.0,1,1,1,2,2,1,2,0,0,1,1,1
107,2.0,2.0,0.0,1,3,3,2,2,1,2,0,1,0,1,1
108,2.0,0.0,1.0,2,2,3,2,2,1,2,0,0,0,0,0
109,5.0,4.0,3.0,1,2,1,1,2,1,2,0,0,0,0,0
110,0.0,5.0,2.0,1,2,1,1,2,1,1,0,0,0,0,0
111,1.0,4.0,1.0,2,3,3,1,2,1,1,0,1,0,1,1
112,1.0,4.0,2.0,1,1,1,1,2,1,2,0,1,0,1,1
113,5.0,2.0,3.0,2,2,3,2,2,1,2,0,0,0,0,0
114,2.0,2.0,1.0,1,3,1,2,2,1,2,0,0,0,0,0
115,5.0,0.0,3.0,1,3,1,1,2,1,2,0,0,0,0,0
116,1.0,3.0,2.0,1,1,1,1,2,1,2,0,0,0,0,0
117,1.0,3.0,2.0,1,3,1,1,2,1,2,0,0,0,0,0
118,0.0,5.0,2.0,1,3,1,1,2,1,1,0,0,0,0,0
119,0.0,5.0,2.0,1,3,1,1,2,1,1,1,0,0,1,1
120,5.0,2.0,3.0,1,3,1,2,2,1,2,0,0,0,0,0
121,1.0,2.0,1.0,1,3,1,2,2,1,2,0,0,0,0,0
122,5.0,4.0,3.0,1,2,1,1,2,1,2,0,0,0,0,0
123,0.0,5.0,2.0,1,3,1,1,2,1,1,0,0,0,0,0
124,1.0,3.0,1.0,2,3,3,1,2,1,2,0,0,0,0,0
125,5.0,3.0,3.0,1,2,3,1,2,1,2,0,0,0,0,0
126,0.0,5.0,2.0,1,3,1,1,2,1,1,0,0,0,0,0
127,2.0,3.0,2.0,1,3,1,1,2,1,2,0,0,0,0,0
128,5.0,2.0,3.0,1,2,1,2,2,1,2,0,0,0,0,0
129,2.0,2.0,1.0,1,2,1,2,2,1,2,0,0,0,0,0
130,5.0,1.0,3.0,1,3,1,1,2,1,2,0,0,0,0,0
131,0.0,5.0,1.0,1,3,1,1,2,1,1,0,0,0,0,0
132,0.0,5.0,2.0,1,3,1,1,2,1,1,0,0,0,0,0
133,0.0,5.0,1.0,1,3,1,1,2,1,1,0,0,0,0,0
134,2.0,3.0,2.0,2,2,1,1,2,1,2,1,0,0,1,1
135,5.0,0.0,3.0,1,3,1,2,2,1,2,0,0,0,0,0
136,1.0,2.0,2.0,1,2,1,2,2,1,2,0,0,0,0,0
137,5.0,4.0,3.0,1,2,1,1,2,1,2,0,0,0,0,0
138,0.0,5.0,2.0,1,2,1,1,2,1,1,0,0,0,0,0
139,0.0,5.0,2.0,1,2,1,1,2,1,1,1,0,0,1,1
140,1.0,3.0,2.0,1,3,1,1,2,1,1,0,0,0,0,0
141,0.0,5.0,1.0,1,3,1,1,2,1,1,0,0,0,0,0
142,1.0,0.0,2.0,1,3,1,2,2,1,2,0,0,0,0,0
143,1.0,2.0,1.0,1,2,1,2,2,1,2,0,0,0,0,0
144,5.0,4.0,3.0,1,2,1,1,2,1,2,0,0,0,0,0
145,2.0,4.0,1.0,1,3,1,1,2,1,1,0,0,0,0,0
146,0.0,5.0,2.0,1,2,1,1,2,1,1,0,0,0,0,0
147,0.0,5.0,2.0,2,2,1,1,2,1,1,0,0,0,0,0
148,5.0,4.0,3.0,1,2,1,1,1,1,2,0,0,0,0,0
149,5.0,0.0,3.0,1,3,1,1,2,1,2,0,0,0,0,0
150,1.0,2.0,1.0,1,3,1,2,2,1,2,2,4,0,6,1
151,0.0,5.0,2.0,1,3,1,1,2,1,2,0,0,0,0,0
152,5.0,4.0,3.0,1,3,1,1,1,1,2,0,0,0,0,0
153,1.0,4.0,2.0,1,3,1,1,2,1,2,0,1,0,1,1
154,1.0,0.0,1.0,1,3,1,1,2,1,2,0,0,0,0,0
155,5.0,4.0,3.0,1,3,1,1,1,1,2,0,0,0,0,0
156,2.0,4.0,2.0,1,3,1,1,2,1,2,1,0,0,1,1
157,1.0,4.0,2.0,1,2,3,2,2,1,2,0,0,0,0,0
158,0.0,5.0,2.0,1,2,1,1,2,1,1,0,0,0,0,0
159,5.0,4.0,3.0,1,2,1,1,1,1,2,0,0,0,0,0
160,1.0,4.0,2.0,1,3,1,1,2,1,2,0,0,0,0,0
161,1.0,4.0,2.0,1,3,1,1,2,1,2,0,0,0,0,0
162,5.0,0.0,3.0,1,3,1,1,1,1,2,2,0,0,2,1
163,0.0,5.0,2.0,2,1,1,1,2,1,1,1,0,0,1,1
164,5.0,3.0,3.0,1,2,1,1,1,1,2,0,0,0,0,0
165,1.0,4.0,2.0,2,2,1,2,2,1,2,0,1,0,1,1
166,5.0,4.0,3.0,1,3,1,1,1,1,2,0,0,0,0,0
167,5.0,4.0,3.0,2,2,3,1,2,1,2,0,0,0,0,0
168,1.0,4.0,2.0,1,2,1,1,2,1,2,0,0,0,0,0
169,1.0,0.0,1.0,1,3,1,1,2,1,2,0,0,0,0,0
170,3.0,4.0,1.0,1,3,1,1,2,1,2,0,2,0,2,1
171,0.0,5.0,2.0,1,2,1,1,2,1,1,0,0,0,0,0
172,2.0,4.0,2.0,1,2,1,1,2,1,2,1,0,0,1,1
173,1.0,4.0,2.0,1,1,1,2,2,1,2,0,0,0,0,0
174,1.0,4.0,2.0,1,2,1,1,2,1,2,0,0,0,0,0
175,5.0,4.0,3.0,1,1,1,1,2,1,2,0,0,0,0,0
176,1.0,4.0,2.0,1,2,1,1,2,1,2,0,0,0,0,0
177,1.0,4.0,1.0,2,2,1,1,2,1,2,0,0,0,0,0
178,2.0,4.0,2.0,1,2,1,2,2,1,2,2,4,0,6,1
179,2.0,4.0,2.0,1,3,1,1,2,1,2,1,0,0,1,1
180,0.0,5.0,2.0,1,3,1,1,2,1,2,0,0,0,0,0
181,1.0,0.0,2.0,1,3,1,1,2,1,2,0,0,0,0,0
182,1.0,4.0,2.0,1,3,1,1,2,1,2,0,0,0,0,0
183,1.0,3.0,1.0,1,3,1,1,2,1,2,0,0,0,0,0
184,0.0,5.0,2.0,1,2,3,2,2,1,2,0,0,0,0,0
185,0.0,5.0,1.0,2,3,1,1,2,1,2,1,0,0,1,1
186,2.0,1.0,2.0,1,2,1,1,2,1,2,0,0,0,0,0
187,5.0,4.0,3.0,1,1,1,1,2,1,2,0,0,0,0,0
188,5.0,3.0,3.0,1,2,1,1,2,1,2,0,0,0,0,0
189,5.0,0.0,3.0,1,2,1,1,2,1,2,0,0,0,0,0
190,1.0,3.0,1.0,1,2,1,1,2,1,2,0,0,0,0,0
191,1.0,3.0,2.0,2,1,1,1,2,1,2,0,0,0,0,0
192,2.0,2.0,2.0,1,3,1,1,2,1,2,1,0,0,1,1
193,2.0,3.0,2.0,1,2,1,1,2,1,2,0,0,0,0,0
194,5.0,4.0,3.0,1,2,1,1,2,1,2,0,0,0,0,0
195,0.0,5.0,2.0,1,2,1,1,2,1,1,0,0,0,0,0
196,0.0,5.0,1.0,1,3,1,1,2,1,2,0,0,0,0,0
197,0.0,5.0,2.0,1,3,1,1,2,1,1,0,0,0,0,0
198,1.0,4.0,2.0,1,3,1,1,2,1,2,1,1,0,2,1
199,2.0,0.0,1.0,1,3,1,1,2,1,2,0,0,0,0,0
200,0.0,5.0,2.0,1,3,1,1,2,1,2,0,1,0,1,1
201,0.0,5.0,2.0,1,2,1,1,2,1,2,0,0,0,0,0
202,0.0,5.0,1.0,1,3,1,1,2,1,1,0,0,0,0,0
203,0.0,5.0,1.0,1,3,1,1,2,1,1,0,0,0,0,0
204,2.0,0.0,1.0,1,3,1,1,2,1,2,0,0,0,0,0
205,1.0,1.0,1.0,2,3,1,1,2,1,2,0,0,0,0,0
206,2.0,2.0,2.0,1,3,1,2,2,1,2,2,0,0,2,1
207,0.0,5.0,2.0,1,3,1,1,2,1,2,1,0,0,1,1
208,1.0,2.0,1.0,1,3,1,1,2,1,1,0,0,0,0,0
209,1.0,0.0,2.0,1,2,1,1,2,1,2,0,0,0,0,0
210,2.0,0.0,1.0,1,2,1,1,2,1,2,0,0,0,0,0
211,0.0,5.0,2.0,1,3,1,1,2,1,2,0,0,0,0,0
212,0.0,5.0,1.0,1,3,1,1,2,1,2,0,0,0,0,0
213,0.0,5.0,2.0,1,3,1,1,2,1,2,1,1,0,2,1
214,0.0,5.0,1.0,1,2,1,2,2,1,2,0,0,0,0,0
215,0.0,5.0,1.0,1,3,1,1,2,1,1,0,0,0,0,0
216,1.0,0.0,1.0,1,3,1,2,2,1,2,0,0,0,0,0
217,1.0,1.0,1.0,2,2,3,1,2,1,2,1,1,0,2,1
218,4.0,2.0,1.0,1,2,1,2,2,1,2,1,1,0,2,1
219,1.0,3.0,2.0,1,2,3,1,2,1,2,0,0,0,0,0
220,3.0,0.0,2.0,1,2,1,1,2,1,2,0,0,0,0,0
221,1.0,4.0,2.0,1,1,1,1,2,1,2,0,0,0,0,0
222,2.0,0.0,1.0,1,3,1,2,2,1,2,0,0,0,0,0
223,0.0,5.0,2.0,2,3,1,1,2,1,2,0,1,0,1,1
224,1.0,3.0,2.0,1,3,1,1,2,1,2,0,0,0,0,0
225,2.0,4.0,1.0,1,2,1,2,2,1,2,0,0,0,0,0
226,5.0,0.0,3.0,1,3,1,1,1,1,2,0,0,0,0,0
227,0.0,5.0,2.0,1,2,1,1,2,1,1,0,0,0,0,0
228,1.0,0.0,2.0,1,3,1,2,2,1,2,0,0,0,0,0
229,2.0,1.0,1.0,1,3,1,1,2,1,2,0,0,0,0,0
230,4.0,0.0,1.0,2,3,1,2,2,1,2,0,0,0,0,0
231,3.0,2.0,2.0,1,3,1,1,2,1,2,1,0,0,1,1
232,5.0,4.0,3.0,1,3,1,1,2,1,2,0,0,0,0,0
233,2.0,2.0,0.0,1,3,1,2,2,1,2,0,0,0,0,0
234,0.0,5.0,2.0,1,3,1,1,2,1,1,0,0,0,0,0
235,0.0,5.0,2.0,2,2,3,1,2,1,1,0,0,0,0,0
236,2.0,0.0,1.0,1,3,1,1,2,1,2,0,0,0,0,0
237,1.0,0.0,1.0,1,3,1,2,2,1,2,0,0,0,0,0
238,5.0,3.0,3.0,1,2,1,1,1,1,2,0,0,0,0,0
239,1.0,3.0,2.0,1,1,1,2,2,1,1,0,0,0,0,0
240,2.0,1.0,1.0,2,3,3,2,2,1,2,0,0,0,0,0
241,3.0,2.0,1.0,2,2,3,2,2,1,2,0,1,0,1,1
242,3.0,2.0,1.0,1,3,1,1,2,1,2,0,0,0,0,0
243,1.0,4.0,2.0,1,2,1,1,2,1,2,0,0,0,0,0
244,2.0,2.0,0.0,1,3,1,2,2,1,2,1,0,0,1,1
245,0.0,5.0,2.0,1,3,1,1,2,1,1,0,0,0,0,0
246,0.0,5.0,2.0,2,2,3,1,2,1,1,0,0,0,0,0
247,2.0,4.0,2.0,1,3,1,2,2,1,2,0,0,0,0,0
248,5.0,3.0,3.0,1,3,1,1,2,1,2,0,0,0,0,0
249,5.0,0.0,3.0,1,3,1,2,2,1,2,0,0,0,0,0
250,5.0,3.0,3.0,1,2,1,1,1,1,2,0,0,0,0,0
251,5.0,4.0,3.0,1,3,1,1,2,1,2,0,0,0,0,0
252,1.0,3.0,1.0,1,3,1,1,2,1,2,0,0,0,0,0
253,1.0,1.0,1.0,1,2,1,2,2,1,2,1,0,0,1,1
254,4.0,0.0,1.0,1,3,1,2,2,1,2,0,1,0,1,1
255,3.0,2.0,1.0,2,3,1,2,2,1,2,0,0,0,0,0
256,5.0,4.0,3.0,1,2,1,1,2,1,2,0,0,0,0,0
257,2.0,2.0,0.0,1,3,1,2,2,1,2,0,1,1,2,1
258,2.0,4.0,1.0,1,3,1,2,2,1,2,0,0,0,0,0
259,5.0,0.0,3.0,1,3,1,2,2,1,2,0,1,1,2,1
260,5.0,3.0,3.0,1,2,1,1,1,1,1,0,0,0,0,0
261,5.0,4.0,3.0,1,2,1,1,2,1,2,0,0,0,0,0
262,0.0,5.0,2.0,1,3,1,1,2,1,2,0,0,0,0,0
263,1.0,1.0,2.0,1,2,1,2,2,1,2,0,0,0,0,0
264,4.0,0.0,1.0,2,3,3,2,2,1,2,0,1,0,1,1
265,3.0,2.0,0.0,1,3,1,2,2,1,2,0,1,0,1,1
266,1.0,4.0,2.0,1,3,1,1,2,1,2,0,0,0,0,0
267,2.0,2.0,0.0,2,3,1,2,2,2,2,2,0,0,2,1
268,1.0,4.0,2.0,1,2,1,2,2,1,2,0,0,0,0,0
269,1.0,3.0,2.0,1,2,1,2,2,1,1,0,0,0,0,0
270,0.0,5.0,2.0,1,3,1,1,2,1,1,0,0,0,0,0
271,5.0,3.0,3.0,1,3,1,1,2,1,2,0,0,0,0,0
272,3.0,0.0,1.0,1,3,1,1,2,1,2,0,0,0,0,0
273,0.0,5.0,2.0,1,2,1,1,2,1,1,0,0,0,0,0
274,5.0,4.0,3.0,2,3,1,2,2,1,2,0,0,0,0,0
275,3.0,0.0,1.0,2,2,3,2,2,1,2,0,0,0,0,0
276,3.0,2.0,1.0,1,2,1,2,2,1,2,1,0,0,1,1
277,5.0,4.0,3.0,1,3,1,1,2,1,2,0,0,0,0,0
278,2.0,2.0,0.0,2,3,3,2,2,2,2,0,2,0,2,1
279,1.0,4.0,1.0,1,2,1,2,2,1,1,0,0,0,0,0
280,0.0,5.0,2.0,1,3,1,1,2,1,1,0,0,0,0,0
281,3.0,0.0,1.0,1,3,1,2,2,1,2,0,0,0,0,0
282,0.0,5.0,2.0,1,3,1,1,2,1,1,0,0,0,0,0
283,5.0,2.0,3.0,1,2,1,2,2,1,2,0,0,0,0,0
284,4.0,2.0,1.0,1,3,3,2,2,2,2,0,0,0,0,0
285,3.0,0.0,1.0,2,2,3,2,2,1,2,0,1,0,1,1
286,5.0,1.0,3.0,1,3,1,1,2,1,2,0,0,0,0,0
287,2.0,2.0,0.0,2,2,1,2,2,2,2,1,0,0,1,1
288,1.0,0.0,2.0,1,3,1,2,2,1,2,0,0,0,0,0
289,3.0,2.0,1.0,1,3,1,1,2,1,2,0,0,0,0,0
290,5.0,4.0,3.0,1,2,1,2,2,1,2,0,0,0,0,0
291,4.0,4.0,2.0,1,2,1,2,2,1,2,0,0,0,0,0
292,3.0,0.0,1.0,2,2,1,2,2,1,2,2,0,0,2,1
293,5.0,4.0,3.0,1,2,1,1,2,1,2,0,0,0,0,0
294,2.0,2.0,0.0,2,2,3,2,2,2,2,1,2,0,3,1
295,5.0,4.0,3.0,1,1,1,2,2,1,2,0,0,0,0,0
296,3.0,4.0,1.0,1,3,1,1,2,1,2,0,0,0,0,0
297,5.0,4.0,3.0,1,2,1,2,2,1,2,0,0,0,0,0
298,4.0,4.0,2.0,1,2,1,2,2,1,2,0,0,0,0,0
299,3.0,4.0,2.0,2,2,3,2,2,1,2,0,1,0,1,1
300,5.0,4.0,3.0,1,2,1,1,2,1,2,0,0,0,0,0
301,2.0,2.0,0.0,2,2,1,2,2,2,2,1,1,0,2,1
302,5.0,4.0,3.0,1,2,1,2,2,1,2,0,0,0,0,0
303,1.0,4.0,2.0,1,2,1,2,2,1,2,0,0,0,0,0
304,0.0,5.0,2.0,1,3,1,1,2,1,1,0,0,0,0,0
305,0.0,5.0,2.0,1,3,1,1,2,1,1,0,0,0,0,0
306,5.0,4.0,3.0,1,3,1,1,1,1,2,0,0,0,0,0
307,5.0,4.0,3.0,1,2,1,2,2,1,2,0,0,0,0,0
308,3.0,0.0,2.0,2,3,1,2,2,1,2,0,0,0,0,0
309,5.0,4.0,3.0,1,3,1,1,2,1,2,0,0,0,0,0
310,2.0,2.0,0.0,2,2,3,2,2,2,2,1,0,1,2,1
311,5.0,4.0,3.0,1,3,1,2,2,1,2,0,0,0,0,0
312,1.0,0.0,2.0,1,2,1,2,2,1,2,0,0,0,0,0
313,2.0,0.0,2.0,1,3,1,1,2,1,2,0,0,0,0,0
314,2.0,4.0,2.0,1,3,1,1,2,1,2,0,0,0,0,0
315,1.0,4.0,2.0,1,1,3,2,2,1,2,0,0,0,0,0
316,5.0,4.0,3.0,1,2,1,1,2,1,2,0,0,0,0,0
317,2.0,2.0,0.0,2,3,3,2,2,2,2,0,0,0,0,0
318,1.0,3.0,2.0,1,2,1,2,2,1,2,0,0,0,0,0
319,2.0,3.0,2.0,1,3,1,1,2,1,2,0,0,0,0,0
320,3.0,0.0,2.0,1,3,1,1,2,1,2,0,0,0,0,0
321,1.0,3.0,2.0,1,3,1,1,2,1,1,0,0,0,0,0
322,3.0,2.0,0.0,1,3,1,1,2,2,2,0,2,0,2,1
0,5.0,0.0,3.0,1,3,1,1,1,1,1,0,0,0,0,0
1,2.0,3.0,2.0,1,3,1,1,2,1,1,0,0,0,0,0
2,1.0,4.0,2.0,1,3,1,1,2,1,1,0,0,0,0,0
3,5.0,3.0,3.0,1,2,1,1,1,1,1,0,0,0,0,0
4,5.0,4.0,3.0,1,1,1,1,2,1,1,0,0,0,0,0
5,1.0,0.0,2.0,1,2,1,1,2,1,1,0,0,0,0,0
6,0.0,5.0,2.0,1,3,1,1,2,1,1,0,0,0,0,0
7,1.0,0.0,2.0,1,3,1,1,2,1,1,0,0,0,0,0
8,1.0,0.0,2.0,1,2,1,1,2,1,1,1,0,0,1,1
9,0.0,5.0,2.0,1,3,1,1,2,1,1,0,0,0,0,0
10,1.0,0.0,2.0,1,2,1,1,2,1,1,0,0,0,0,0
11,0.0,5.0,2.0,1,3,1,1,2,1,1,0,0,0,0,0
12,0.0,5.0,1.0,1,2,1,1,2,1,1,0,0,0,0,0
13,1.0,4.0,2.0,2,2,1,1,2,1,1,0,0,0,0,0
14,0.0,5.0,2.0,1,3,1,1,2,1,1,0,0,0,0,0
15,0.0,5.0,2.0,1,2,1,1,2,1,1,0,0,0,0,0
16,2.0,3.0,1.0,1,3,1,1,2,1,1,1,0,0,1,1
17,5.0,4.0,3.0,1,3,1,1,2,1,1,0,0,0,0,0
18,0.0,5.0,2.0,1,2,1,1,2,1,1,0,0,0,0,0
19,0.0,5.0,2.0,1,2,1,2,2,1,1,0,0,0,0,0
20,5.0,4.0,3.0,1,2,1,1,2,1,1,0,0,0,0,0
21,0.0,5.0,2.0,1,3,1,1,2,1,1,0,0,0,0,0
22,0.0,5.0,2.0,2,2,1,2,2,1,1,0,0,0,0,0
23,1.0,3.0,2.0,1,3,1,1,2,1,1,5,0,0,5,1
24,0.0,5.0,2.0,1,2,1,2,2,1,1,0,0,0,0,0
25,0.0,5.0,2.0,1,3,1,1,2,1,1,0,0,0,0,0
26,2.0,0.0,1.0,2,3,1,1,2,1,1,2,0,0,2,1
27,0.0,5.0,2.0,1,3,1,1,2,1,1,0,0,0,0,0
28,2.0,3.0,2.0,1,3,1,1,2,1,1,0,0,0,0,0
29,0.0,5.0,2.0,1,3,1,1,2,1,1,0,0,0,0,0
30,0.0,5.0,2.0,1,1,1,2,2,1,1,0,0,0,0,0
31,0.0,5.0,2.0,1,1,1,1,2,1,1,0,0,0,0,0
32,1.0,3.0,1.0,2,1,1,2,2,1,1,0,0,0,0,0
33,0.0,5.0,2.0,1,3,1,1,2,1,1,0,0,0,0,0
34,2.0,3.0,1.0,1,3,1,2,2,1,1,0,0,0,0,0
35,0.0,5.0,2.0,1,2,1,1,2,1,1,0,0,0,0,0
36,1.0,3.0,2.0,1,3,1,1,2,1,1,0,0,0,0,0
37,3.0,0.0,0.0,1,3,1,1,2,1,1,3,1,0,4,1
38,5.0,0.0,3.0,1,2,1,1,1,1,1,1,0,0,1,1
39,0.0,5.0,2.0,1,2,1,2,2,1,1,1,0,0,1,1
40,0.0,5.0,2.0,1,3,1,1,2,1,1,0,0,0,0,0
41,0.0,5.0,2.0,1,2,1,1,2,1,1,0,0,0,0,0
42,2.0,2.0,1.0,2,3,1,2,2,1,1,2,0,0,2,1
43,3.0,0.0,1.0,2,2,1,1,2,1,1,8,0,0,8,1
44,2.0,0.0,1.0,1,3,1,2,2,1,1,0,0,0,0,0
45,0.0,5.0,2.0,1,3,1,1,2,1,1,0,0,0,0,0
46,5.0,3.0,3.0,1,2,1,1,2,1,1,0,0,0,0,0
47,1.0,3.0,2.0,1,2,1,1,2,1,1,0,0,0,0,0
48,2.0,0.0,2.0,2,3,3,2,2,1,1,2,0,0,2,1
49,3.0,4.0,2.0,2,3,1,2,2,1,1,5,0,0,5,1
50,1.0,3.0,2.0,1,3,1,1,2,1,1,0,0,0,0,0
51,3.0,4.0,1.0,2,3,1,2,2,1,1,0,0,0,0,0
52,1.0,3.0,2.0,1,3,1,1,2,1,1,0,0,0,0,0
53,2.0,0.0,1.0,2,3,1,2,2,1,1,0,0,0,0,0
54,3.0,0.0,1.0,2,3,1,2,2,1,1,4,4,0,8,1
55,5.0,4.0,3.0,1,3,1,1,1,1,1,0,0,0,0,0
56,2.0,0.0,2.0,1,3,1,1,2,1,1,1,0,0,1,1
57,2.0,3.0,2.0,1,3,1,1,2,1,1,1,1,0,2,1
58,2.0,4.0,2.0,1,3,1,2,2,1,1,0,0,0,0,0
59,0.0,5.0,2.0,1,2,1,1,2,1,1,0,0,0,0,0
60,2.0,0.0,1.0,2,2,1,2,2,1,1,0,0,0,0,0
61,3.0,0.0,1.0,2,3,3,2,2,1,1,6,0,0,6,1
62,5.0,4.0,3.0,1,1,1,1,1,1,1,0,0,0,0,0
63,2.0,4.0,1.0,2,3,1,1,2,1,1,0,0,0,0,0
64,2.0,4.0,2.0,2,3,2,1,2,1,1,1,0,0,1,1
65,2.0,3.0,2.0,1,3,1,1,2,1,1,0,0,0,0,0
66,2.0,4.0,2.0,1,3,1,2,2,1,1,0,0,0,0,0
67,2.0,4.0,2.0,1,3,1,1,2,1,1,0,0,0,0,0
68,2.0,4.0,2.0,1,2,1,2,2,1,1,0,0,0,0,0
69,3.0,2.0,0.0,2,3,3,2,2,2,1,6,0,0,6,1
70,5.0,3.0,3.0,1,3,1,1,1,1,1,0,0,0,0,0
71,2.0,0.0,2.0,1,2,1,2,2,1,1,2,0,0,2,1
72,1.0,4.0,1.0,1,3,1,1,2,1,1,1,0,0,1,1
73,1.0,4.0,2.0,1,2,1,1,2,1,1,0,0,0,0,0
74,0.0,5.0,2.0,1,3,1,1,2,1,1,1,0,0,1,1
75,0.0,5.0,2.0,1,3,1,1,2,1,1,0,0,0,0,0
76,2.0,4.0,2.0,1,2,1,2,2,1,1,1,0,0,1,1
77,2.0,0.0,1.0,1,3,1,1,2,1,1,0,0,0,0,0
78,2.0,4.0,2.0,1,2,1,2,2,1,1,0,0,0,0,0
79,4.0,2.0,0.0,2,3,1,2,2,2,1,0,0,0,0,0
80,2.0,0.0,1.0,1,3,1,2,2,1,1,0,0,0,0,0
81,1.0,3.0,2.0,1,2,1,1,2,1,1,0,0,0,0,0
82,1.0,3.0,2.0,1,3,1,1,2,1,1,0,0,0,0,0
83,0.0,5.0,2.0,1,3,1,1,2,1,1,1,0,0,1,1
84,2.0,4.0,2.0,1,2,1,2,2,1,1,0,0,0,0,0
85,5.0,0.0,3.0,1,2,1,2,2,1,1,0,0,0,0,0
86,2.0,0.0,2.0,1,3,1,2,2,1,1,0,0,0,0,0
87,4.0,2.0,0.0,2,2,1,2,2,1,1,4,0,0,4,1
88,2.0,4.0,1.0,2,2,1,2,2,1,1,0,0,0,0,0
89,0.0,5.0,2.0,1,2,1,1,2,1,1,0,0,0,0,0
90,1.0,3.0,2.0,1,3,1,1,2,1,1,0,0,0,0,0
91,0.0,5.0,2.0,1,3,1,1,2,1,1,1,0,0,1,1
92,0.0,5.0,2.0,1,3,1,1,2,1,1,0,0,0,0,0
93,2.0,4.0,2.0,1,2,1,1,2,1,1,3,0,0,3,1
94,5.0,3.0,3.0,1,2,1,2,2,1,1,0,0,0,0,0
95,5.0,0.0,3.0,1,2,1,2,2,1,1,0,0,0,0,0
96,1.0,4.0,2.0,1,2,1,2,2,1,1,0,0,0,0,0
97,4.0,0.0,1.0,1,2,1,2,2,2,1,1,0,0,1,1
98,2.0,4.0,2.0,1,2,1,2,2,1,1,1,0,0,1,1
99,1.0,3.0,2.0,1,2,1,1,2,1,1,0,0,0,0,0
100,2.0,0.0,0.0,2,3,1,1,2,1,1,2,0,0,2,1
101,0.0,5.0,2.0,1,1,1,1,2,1,1,0,0,0,0,0
102,3.0,0.0,1.0,2,3,1,1,2,1,1,2,0,0,2,1
103,5.0,0.0,3.0,1,2,1,2,2,1,1,0,0,0,0,0
104,1.0,4.0,2.0,1,3,1,2,2,1,1,1,0,0,1,1
105,4.0,0.0,0.0,2,3,1,2,2,2,1,2,0,0,2,1
106,2.0,4.0,2.0,1,2,1,2,2,1,1,0,0,0,0,0
107,2.0,0.0,1.0,2,3,1,2,2,1,1,3,0,0,3,1
108,0.0,5.0,2.0,1,3,1,1,2,1,1,0,0,0,0,0
109,3.0,0.0,1.0,2,3,1,2,2,1,1,0,0,0,0,0
110,2.0,4.0,2.0,2,3,1,2,2,1,1,0,0,0,0,0
111,4.0,0.0,1.0,2,2,1,2,2,1,1,2,0,0,2,1
112,5.0,4.0,3.0,1,1,1,2,2,1,1,1,0,0,1,1
113,2.0,0.0,1.0,2,2,1,2,2,1,1,0,0,0,0,0
114,0.0,5.0,2.0,1,2,1,1,2,1,1,0,0,0,0,0
115,3.0,4.0,1.0,2,2,1,2,2,1,1,0,0,0,0,0
116,5.0,4.0,3.0,1,2,1,1,1,1,1,0,0,0,0,0
117,4.0,0.0,0.0,2,2,1,2,2,1,1,1,0,0,1,1
118,5.0,4.0,3.0,1,2,1,2,2,1,1,0,0,0,0,0
119,3.0,0.0,2.0,1,2,1,2,2,1,1,1,0,0,1,1
120,3.0,0.0,1.0,1,2,1,2,2,1,1,1,0,0,1,1
121,0.0,5.0,2.0,1,3,1,1,2,1,1,0,0,0,0,0
122,1.0,4.0,2.0,1,3,1,1,2,1,1,1,0,0,1,1
123,5.0,4.0,3.0,1,2,1,2,2,1,1,0,0,0,0,0
124,4.0,0.0,1.0,2,2,1,2,2,1,1,0,0,0,0,0
125,3.0,0.0,2.0,1,2,1,2,2,1,1,0,0,0,0,0
126,3.0,4.0,1.0,1,2,1,2,2,1,1,0,0,0,0,0
127,3.0,0.0,2.0,1,3,1,1,2,1,1,2,0,0,2,1
128,5.0,4.0,3.0,1,2,1,1,1,1,1,0,0,0,0,0
129,3.0,4.0,2.0,1,1,1,2,2,1,1,0,0,0,0,0
130,3.0,4.0,1.0,2,3,1,2,2,1,1,0,0,0,0,0
131,1.0,4.0,2.0,2,2,1,1,2,1,1,1,0,0,1,1
132,3.0,4.0,2.0,1,2,1,1,2,1,1,0,0,0,0,0
133,3.0,0.0,1.0,1,2,1,2,2,1,1,0,0,0,0,0
134,5.0,4.0,3.0,1,2,1,1,2,1,1,2,0,0,2,1
135,3.0,0.0,2.0,1,3,1,1,2,1,1,0,0,0,0,0
136,5.0,1.0,3.0,1,2,1,1,1,1,1,0,0,0,0,0
137,0.0,5.0,2.0,1,3,1,1,2,1,1,0,0,0,0,0
138,1.0,3.0,2.0,1,3,1,1,2,1,1,0,0,0,0,0
139,3.0,4.0,1.0,1,2,1,2,2,1,1,0,0,0,0,0
140,1.0,4.0,2.0,2,3,1,1,2,1,1,0,0,0,0,0
141,3.0,4.0,2.0,1,3,1,1,2,1,1,0,0,0,0,0
142,5.0,1.0,3.0,1,3,1,1,1,1,1,0,0,0,0,0
143,0.0,5.0,2.0,1,3,1,1,2,1,1,0,0,0,0,0
144,5.0,4.0,3.0,1,2,1,1,1,1,1,1,0,0,1,1
145,0.0,5.0,2.0,1,3,1,1,2,1,1,0,0,0,0,0
146,1.0,3.0,2.0,1,2,1,1,2,1,1,3,0,0,3,1
147,2.0,3.0,2.0,1,2,1,1,2,1,1,0,0,0,0,0
148,3.0,4.0,2.0,1,2,1,2,2,1,1,0,0,0,0,0
149,1.0,4.0,2.0,2,2,1,1,2,1,1,0,0,0,0,0
150,3.0,4.0,2.0,1,3,1,1,2,1,1,0,0,0,0,0
151,1.0,1.0,2.0,1,3,1,1,2,1,1,0,0,0,0,0
152,0.0,5.0,2.0,1,1,1,1,2,1,1,0,0,0,0,0
153,5.0,4.0,3.0,1,2,1,1,1,1,1,0,0,0,0,0
154,0.0,5.0,2.0,1,3,1,1,2,1,1,0,0,0,0,0
155,3.0,3.0,0.0,2,3,1,1,2,1,1,0,0,0,0,0
156,2.0,3.0,1.0,1,3,1,1,2,1,1,0,0,0,0,0
157,5.0,4.0,3.0,1,1,1,2,2,1,1,0,0,0,0,0
158,1.0,4.0,2.0,1,2,1,1,2,1,1,0,0,0,0,0
159,3.0,4.0,2.0,1,2,1,1,2,1,1,2,0,0,2,1
160,1.0,2.0,2.0,1,2,1,1,2,1,1,2,0,0,2,1
161,5.0,4.0,3.0,2,2,1,1,1,1,1,0,0,0,0,0
162,0.0,5.0,2.0,1,2,1,1,2,1,1,0,0,0,0,0
163,3.0,2.0,0.0,1,3,1,2,2,1,1,0,1,0,1,1
164,3.0,0.0,1.0,1,3,1,2,2,1,1,0,0,0,0,0
165,1.0,3.0,2.0,1,3,1,1,2,1,1,0,0,0,0,0
166,5.0,3.0,3.0,1,1,1,2,2,1,1,0,0,0,0,0
167,5.0,4.0,3.0,1,2,1,1,2,1,1,0,0,0,0,0
168,3.0,4.0,2.0,1,2,1,1,2,1,1,0,0,0,0,0
169,1.0,4.0,2.0,1,3,1,1,2,1,1,0,0,0,0,0
170,5.0,4.0,3.0,1,2,1,1,1,1,1,0,0,0,0,0
171,3.0,2.0,0.0,1,3,1,2,2,2,1,2,1,0,3,1
172,3.0,3.0,2.0,1,3,1,2,2,2,1,0,0,0,0,0
173,5.0,4.0,3.0,1,3,1,1,1,1,1,0,0,0,0,0
174,5.0,4.0,3.0,1,1,1,1,2,1,1,0,0,0,0,0
175,2.0,4.0,2.0,2,2,1,1,2,1,1,0,0,0,0,0
176,1.0,4.0,2.0,2,1,1,1,2,1,1,0,0,0,0,0
177,5.0,4.0,3.0,1,1,1,1,1,1,1,0,0,0,0,0
178,0.0,5.0,2.0,1,3,1,1,2,1,1,0,0,0,0,0
179,3.0,0.0,0.0,2,1,3,2,2,1,1,5,0,0,5,1
180,3.0,0.0,2.0,1,1,1,2,2,1,1,3,0,0,3,1
181,5.0,3.0,3.0,1,3,1,1,2,1,1,0,0,0,0,0
182,5.0,4.0,3.0,1,2,1,1,1,1,1,0,0,0,0,0
183,5.0,4.0,3.0,1,2,1,1,1,1,1,0,0,0,0,0
184,5.0,4.0,3.0,1,3,1,1,2,1,1,0,0,0,0,0
185,5.0,4.0,3.0,1,3,1,1,2,1,1,1,0,0,1,1
186,5.0,1.0,3.0,1,3,1,1,2,1,1,0,0,0,0,0
187,5.0,4.0,3.0,1,3,1,1,1,1,1,0,0,0,0,0
188,4.0,2.0,0.0,2,3,3,2,2,2,1,1,0,0,1,1
189,3.0,0.0,2.0,2,2,1,2,2,1,1,1,0,0,1,1
190,2.0,4.0,2.0,1,3,1,1,2,1,1,1,0,0,1,1
191,5.0,4.0,3.0,1,3,1,1,1,1,1,0,0,0,0,0
192,1.0,4.0,2.0,1,3,1,1,2,1,1,0,0,0,0,0
193,5.0,4.0,3.0,1,2,1,1,2,1,1,0,0,0,0,0
194,5.0,4.0,3.0,1,2,1,1,2,1,1,0,0,0,0,0
195,1.0,1.0,2.0,1,3,1,1,2,1,1,1,0,0,1,1
196,0.0,5.0,2.0,1,1,1,1,2,1,1,0,0,0,0,0
197,4.0,2.0,0.0,2,3,1,2,2,2,1,0,0,0,0,0
198,3.0,0.0,2.0,2,2,1,2,2,1,1,0,0,0,0,0
199,2.0,4.0,1.0,1,3,1,1,2,1,1,0,0,0,0,0
200,5.0,4.0,3.0,1,3,1,1,1,1,1,0,0,0,0,0
201,1.0,3.0,1.0,1,3,1,1,2,1,1,0,0,0,0,0
202,2.0,0.0,2.0,1,3,1,1,2,1,1,1,0,0,1,1
203,5.0,4.0,3.0,1,2,1,1,2,1,1,0,0,0,0,0
204,1.0,4.0,2.0,2,3,1,1,2,1,1,1,0,0,1,1
205,1.0,4.0,2.0,1,2,1,1,2,1,1,0,0,0,0,0
206,4.0,2.0,1.0,2,2,1,2,2,2,1,1,0,0,1,1
207,3.0,3.0,2.0,2,2,1,2,2,1,1,0,0,0,0,0
208,1.0,3.0,1.0,1,3,1,1,2,1,1,0,0,0,0,0
209,2.0,3.0,2.0,1,3,1,1,2,1,1,0,0,0,0,0
210,2.0,0.0,1.0,1,3,1,1,2,1,1,0,1,0,1,1
211,2.0,4.0,2.0,1,3,1,1,2,1,1,1,0,0,1,1
212,1.0,4.0,2.0,1,3,1,1,2,1,1,0,0,0,0,0
213,5.0,4.0,3.0,1,1,1,1,2,1,1,0,0,0,0,0
214,5.0,4.0,3.0,2,2,1,1,2,1,1,0,0,0,0,0
215,4.0,0.0,1.0,1,2,1,2,2,1,1,2,0,0,2,1
216,1.0,3.0,1.0,1,3,1,1,2,1,1,1,0,0,1,1
217,2.0,4.0,2.0,1,3,1,1,2,1,1,0,0,0,0,0
218,1.0,4.0,1.0,2,2,1,2,2,1,1,0,0,0,0,0
219,2.0,0.0,2.0,2,3,1,1,2,1,1,0,0,0,0,0
220,1.0,4.0,2.0,1,2,1,1,2,1,1,3,0,0,3,1
221,5.0,4.0,3.0,1,2,1,1,2,1,1,0,0,0,0,0
222,5.0,4.0,3.0,1,3,1,1,2,1,1,0,0,0,0,0
223,4.0,0.0,1.0,2,2,1,2,2,1,1,1,0,1,2,1
224,2.0,3.0,1.0,2,2,1,1,2,1,1,0,0,0,0,0
225,2.0,0.0,1.0,1,3,1,1,2,1,1,0,0,0,0,0
226,2.0,0.0,2.0,2,2,3,2,2,1,1,0,0,0,0,0
227,2.0,0.0,2.0,1,2,1,1,2,1,1,0,0,0,0,0
228,2.0,3.0,2.0,1,3,1,1,2,1,1,1,0,0,1,1
229,5.0,4.0,3.0,1,2,1,1,2,1,1,0,0,0,0,0
230,5.0,4.0,3.0,1,2,1,1,2,1,1,0,0,0,0,0
231,4.0,2.0,1.0,2,3,1,2,2,2,1,3,0,0,3,1
232,2.0,0.0,1.0,1,2,1,2,2,1,1,0,0,0,0,0
233,2.0,0.0,1.0,1,3,1,2,2,1,1,0,0,0,0,0
234,0.0,5.0,1.0,1,2,1,2,2,1,1,0,1,0,1,1
235,2.0,0.0,2.0,1,3,1,1,2,1,1,0,0,0,0,0
236,2.0,0.0,2.0,2,3,1,1,2,1,1,0,0,0,0,0
237,1.0,3.0,2.0,1,3,1,1,2,1,1,0,0,0,0,0
238,0.0,5.0,2.0,1,3,1,1,2,1,1,1,0,0,1,1
239,0.0,5.0,2.0,1,2,1,1,2,1,1,0,0,0,0,0
240,5.0,4.0,3.0,1,3,1,1,2,1,1,0,0,0,0,0
241,5.0,4.0,3.0,1,2,1,1,2,1,1,0,0,0,0,0
242,4.0,2.0,1.0,2,2,3,2,2,1,1,0,0,0,0,0
243,2.0,3.0,0.0,1,3,1,2,2,1,1,1,0,0,1,1
244,2.0,0.0,1.0,1,2,1,2,2,1,1,0,0,0,0,0
245,5.0,4.0,3.0,1,1,1,2,2,1,1,0,0,0,0,0
246,2.0,0.0,2.0,1,2,1,1,2,1,1,0,0,0,0,0
247,2.0,0.0,2.0,2,3,1,1,2,1,1,0,0,0,0,0
248,2.0,3.0,2.0,1,2,1,1,2,1,1,0,0,0,0,0
249,0.0,5.0,2.0,1,2,1,1,2,1,1,0,0,0,0,0
250,1.0,3.0,2.0,1,2,1,1,2,1,1,0,0,0,0,0
251,0.0,5.0,1.0,1,3,1,1,2,1,1,0,0,0,0,0
252,5.0,3.0,3.0,1,2,1,1,1,1,1,0,0,0,0,0
253,5.0,4.0,3.0,1,2,1,1,1,1,1,0,0,0,0,0
254,4.0,4.0,2.0,1,1,1,2,2,1,1,0,0,0,0,0
255,2.0,3.0,1.0,2,2,1,2,2,1,1,0,0,0,0,0
256,1.0,3.0,2.0,1,2,1,2,2,1,1,1,0,0,1,1
257,5.0,0.0,3.0,2,3,2,2,2,1,1,0,0,0,0,0
258,5.0,0.0,3.0,1,2,1,1,2,1,1,0,0,0,0,0
259,2.0,0.0,1.0,1,2,1,1,2,1,1,0,0,0,0,0
260,5.0,4.0,3.0,1,1,1,1,2,1,1,0,0,0,0,0
261,2.0,3.0,2.0,1,3,1,1,2,1,1,0,0,0,0,0
262,2.0,3.0,2.0,1,3,1,1,2,1,1,0,0,0,0,0
263,1.0,3.0,2.0,1,3,1,1,2,1,1,0,0,0,0,0
264,5.0,4.0,3.0,1,2,1,2,1,1,1,0,0,0,0,0
265,1.0,3.0,2.0,1,3,1,1,2,1,1,0,0,0,0,0
266,2.0,3.0,2.0,1,3,1,1,2,1,1,0,0,0,0,0
267,1.0,3.0,2.0,1,1,1,2,2,1,1,0,0,0,0,0
268,5.0,4.0,3.0,1,2,1,2,2,1,1,0,0,0,0,0
269,5.0,0.0,3.0,1,3,1,1,2,1,1,0,0,0,0,0
270,2.0,4.0,1.0,1,2,1,2,2,1,1,0,3,0,3,1
271,0.0,5.0,2.0,1,3,1,1,2,1,1,0,0,0,0,0
272,0.0,5.0,1.0,1,3,1,1,2,1,1,0,0,0,0,0
273,2.0,4.0,1.0,1,3,1,1,2,1,1,0,0,0,0,0
274,5.0,3.0,3.0,1,3,1,1,2,1,1,0,0,0,0,0
275,5.0,0.0,3.0,1,2,1,2,1,1,1,0,0,0,0,0
276,5.0,3.0,3.0,1,2,1,1,2,1,1,0,0,0,0,0
277,0.0,5.0,2.0,1,3,1,1,2,1,1,0,0,0,0,0
278,0.0,5.0,2.0,1,3,1,1,2,1,1,0,0,0,0,0
279,0.0,5.0,2.0,1,3,1,1,2,1,1,0,0,0,0,0
280,1.0,4.0,2.0,1,2,1,2,2,1,1,0,0,0,0,0
281,0.0,5.0,2.0,2,1,1,2,2,1,1,0,0,0,0,0
282,5.0,3.0,3.0,1,2,1,2,2,1,1,0,0,0,0,0
283,2.0,3.0,2.0,1,1,1,1,2,1,1,0,0,0,0,0
284,2.0,4.0,2.0,1,2,1,2,2,1,1,0,0,0,0,0
285,0.0,5.0,2.0,1,2,1,1,2,1,1,0,0,0,0,0
286,1.0,3.0,2.0,1,1,1,1,2,1,1,0,0,0,0,0
287,1.0,3.0,2.0,1,2,1,2,2,1,1,0,0,0,0,0
288,1.0,3.0,2.0,1,3,1,1,2,1,1,0,0,0,0,0
289,1.0,0.0,2.0,1,3,1,2,2,1,1,0,0,0,0,0
290,5.0,4.0,3.0,1,3,1,1,2,1,1,0,0,0,0,0
291,1.0,3.0,2.0,1,3,1,1,2,1,1,0,0,0,0,0
292,5.0,3.0,3.0,1,1,1,1,2,1,1,0,0,0,0,0
293,1.0,3.0,1.0,1,3,1,1,2,1,1,2,0,0,2,1
294,2.0,0.0,2.0,1,3,1,2,2,1,1,0,0,0,0,0
295,0.0,5.0,2.0,1,3,1,1,2,1,1,0,0,0,0,0
296,5.0,3.0,3.0,1,3,1,1,2,1,1,0,0,0,0,0
297,1.0,4.0,2.0,2,2,3,2,2,1,1,1,0,0,1,1
298,5.0,3.0,3.0,1,3,1,1,2,1,1,0,0,0,0,0
299,1.0,3.0,2.0,1,2,1,2,2,1,1,0,0,0,0,0
300,1.0,3.0,2.0,1,2,1,1,2,1,1,0,0,0,0,0
301,5.0,0.0,3.0,1,2,1,2,2,1,1,0,0,0,0,0
302,1.0,3.0,2.0,1,3,1,1,2,1,1,0,0,0,0,0
303,0.0,5.0,2.0,1,3,1,1,2,1,1,0,0,0,0,0
304,2.0,3.0,1.0,1,3,1,1,2,1,1,2,0,0,2,1
305,5.0,0.0,3.0,1,2,1,2,2,1,1,0,1,0,1,1
306,1.0,3.0,2.0,1,3,1,1,2,1,1,0,0,0,0,0
307,5.0,4.0,3.0,1,3,1,2,2,1,1,0,0,0,0,0
308,0.0,5.0,2.0,1,2,1,1,2,1,1,0,0,0,0,0
309,5.0,4.0,3.0,1,2,1,1,2,1,1,0,0,0,0,0
310,1.0,4.0,2.0,1,2,1,2,2,1,1,0,0,0,0,0
311,1.0,3.0,2.0,1,1,1,1,2,1,1,0,0,0,0,0
312,5.0,3.0,3.0,1,3,1,1,2,1,1,0,0,0,0,0
313,3.0,0.0,1.0,2,3,1,2,2,1,1,1,0,0,1,1
314,2.0,3.0,1.0,1,2,1,2,2,1,1,0,0,0,0,0
315,1.0,3.0,2.0,1,2,1,1,2,1,1,0,0,0,0,0
316,0.0,5.0,2.0,1,3,1,1,2,1,1,0,0,0,0,0
317,1.0,4.0,2.0,1,2,1,1,2,1,1,1,0,0,1,1
318,5.0,4.0,3.0,2,2,1,2,2,1,1,0,0,0,0,0
319,0.0,5.0,2.0,1,3,1,1,2,1,1,0,0,0,0,0
320,1.0,4.0,2.0,1,3,1,2,2,1,1,0,0,0,0,0
321,2.0,0.0,1.0,1,3,1,1,2,1,1,0,0,0,0,0
322,3.0,0.0,1.0,2,2,1,2,2,1,1,0,0,0,0,0
323,2.0,3.0,1.0,2,3,2,2,2,1,1,0,0,0,0,0
324,1.0,4.0,2.0,1,3,1,1,2,1,1,0,1,0,1,1
325,5.0,4.0,3.0,1,2,1,2,2,1,1,0,0,0,0,0
326,1.0,0.0,2.0,1,2,1,2,2,1,1,0,0,0,0,0
327,1.0,3.0,2.0,1,2,1,2,2,1,1,0,0,0,0,0
328,1.0,0.0,1.0,1,2,1,2,2,1,1,0,0,0,0,0
329,0.0,5.0,2.0,1,2,1,2,2,1,1,0,0,0,0,0
330,2.0,0.0,1.0,2,3,1,1,2,1,1,0,0,0,0,0
331,1.0,3.0,2.0,1,3,1,1,2,1,1,0,0,0,0,0
332,0.0,5.0,2.0,1,3,1,1,2,1,1,0,0,0,0,0
333,5.0,4.0,3.0,1,2,1,2,2,1,1,0,0,0,0,0
334,1.0,0.0,2.0,1,3,1,2,2,1,1,0,0,0,0,0
335,2.0,3.0,1.0,1,2,1,2,2,1,1,0,0,0,0,0
336,1.0,3.0,2.0,1,2,1,2,2,1,1,0,0,0,0,0
337,0.0,5.0,1.0,1,3,1,2,2,1,1,0,0,0,0,0
338,2.0,0.0,1.0,2,3,3,2,2,1,1,2,0,0,2,1
339,2.0,3.0,2.0,1,3,1,1,2,1,1,1,0,0,1,1
340,0.0,5.0,2.0,1,3,1,1,2,1,1,0,0,0,0,0
341,2.0,3.0,2.0,1,3,1,1,2,1,1,0,0,0,0,0
342,5.0,0.0,3.0,1,2,1,2,2,1,1,0,0,0,0,0
343,0.0,5.0,2.0,1,1,1,2,2,1,1,0,0,0,0,0
344,1.0,0.0,2.0,1,2,1,2,2,1,1,0,0,0,0,0
345,2.0,0.0,1.0,1,2,1,2,2,1,1,4,0,0,4,1
346,1.0,3.0,2.0,1,1,1,1,2,1,1,0,0,0,0,0
347,1.0,3.0,2.0,1,1,1,1,2,1,1,0,0,0,0,0
348,5.0,0.0,3.0,1,2,1,2,2,1,1,0,0,0,0,0
349,1.0,3.0,2.0,1,2,1,2,2,1,1,0,0,0,0,0
350,2.0,4.0,2.0,2,3,1,2,2,1,1,1,0,0,1,1
351,0.0,5.0,2.0,2,3,1,1,2,1,1,0,0,0,0,0
352,1.0,4.0,2.0,1,3,1,1,2,1,1,0,0,0,0,0
353,0.0,5.0,2.0,1,3,1,1,2,1,1,0,0,0,0,0
354,0.0,5.0,2.0,1,3,1,1,2,1,1,0,0,0,0,0
355,5.0,4.0,3.0,1,2,1,2,2,1,1,0,0,0,0,0
356,2.0,0.0,1.0,2,2,1,2,2,1,1,0,1,0,1,1
357,5.0,3.0,3.0,1,2,1,1,2,1,1,0,0,0,0,0
358,2.0,3.0,2.0,1,2,1,1,2,1,1,0,0,0,0,0
359,5.0,3.0,3.0,1,2,1,1,2,1,1,0,0,0,0,0
360,5.0,4.0,3.0,1,2,1,1,1,1,1,0,0,0,0,0
361,5.0,4.0,3.0,1,3,1,2,2,1,1,0,0,0,0,0
362,2.0,2.0,1.0,2,3,2,2,2,1,1,2,0,0,2,1
363,0.0,5.0,2.0,1,2,1,1,2,1,1,0,0,0,0,0
364,0.0,5.0,1.0,1,2,1,1,2,1,1,0,0,0,0,0
365,0.0,5.0,2.0,1,2,1,1,2,1,1,0,0,0,0,0
366,5.0,4.0,3.0,1,2,1,1,1,1,1,0,0,0,0,0
367,0.0,5.0,2.0,1,3,1,1,2,1,1,0,0,0,0,0
368,5.0,4.0,3.0,1,2,1,1,1,1,1,0,1,0,1,1
369,2.0,2.0,1.0,1,3,1,2,2,1,1,4,0,0,4,1
370,0.0,5.0,2.0,1,1,1,1,2,1,1,0,0,0,0,0
371,0.0,5.0,2.0,1,3,1,1,2,1,1,0,0,0,0,0
372,5.0,4.0,3.0,1,2,1,1,1,1,1,0,0,0,0,0
373,1.0,4.0,2.0,2,3,3,1,2,1,1,0,1,0,1,1
374,0.0,5.0,2.0,1,3,1,1,2,1,1,0,0,0,0,0
375,2.0,3.0,2.0,1,2,1,1,2,1,1,0,0,0,0,0
376,2.0,2.0,1.0,2,3,1,2,2,1,1,3,1,0,4,1
377,0.0,5.0,2.0,1,3,1,1,2,1,1,0,0,0,0,0
378,5.0,4.0,3.0,1,2,1,1,1,1,1,0,0,0,0,0
379,1.0,4.0,2.0,1,3,1,1,2,1,1,0,0,0,0,0
380,0.0,5.0,2.0,1,3,1,1,2,1,1,0,0,0,0,0
381,2.0,3.0,2.0,1,3,1,1,2,1,1,0,0,0,0,0
382,1.0,3.0,2.0,1,3,1,1,2,1,1,0,0,0,0,0
383,2.0,3.0,2.0,1,3,1,1,2,1,1,0,0,0,0,0
384,2.0,2.0,1.0,2,2,1,2,2,1,1,1,0,0,1,1
385,2.0,0.0,1.0,1,3,1,1,2,1,1,0,0,0,0,0
386,5.0,4.0,3.0,1,2,1,1,1,1,1,0,0,0,0,0
387,1.0,4.0,2.0,2,2,2,1,2,1,1,0,0,0,0,0
388,2.0,3.0,2.0,1,2,1,1,2,1,1,0,0,0,0,0
389,0.0,5.0,2.0,1,2,1,1,2,1,1,0,0,0,0,0
390,0.0,5.0,2.0,1,2,1,1,2,1,1,0,0,0,0,0
391,0.0,5.0,2.0,1,3,1,1,2,1,1,1,0,0,1,1
392,0.0,5.0,2.0,1,3,1,1,2,1,1,0,0,0,0,0
393,2.0,4.0,2.0,1,2,1,1,2,1,1,1,0,0,1,1
394,2.0,0.0,1.0,2,2,3,2,2,1,1,0,0,0,0,0
395,2.0,4.0,2.0,1,3,1,1,2,1,1,1,0,0,1,1
396,2.0,0.0,1.0,1,2,1,2,2,1,1,0,0,0,0,0
397,1.0,4.0,2.0,1,3,1,1,2,1,1,0,0,0,0,0
398,5.0,3.0,3.0,1,3,1,1,2,1,1,0,0,0,0,0
399,1.0,3.0,2.0,1,3,1,1,2,1,1,0,0,0,0,0
400,0.0,5.0,2.0,1,2,1,1,2,1,1,0,0,0,0,0
401,0.0,5.0,2.0,1,3,1,1,2,1,1,0,0,0,0,0
402,2.0,0.0,1.0,1,3,1,1,2,1,1,0,0,0,0,0
403,5.0,4.0,3.0,1,2,1,1,1,1,1,0,0,0,0,0
404,1.0,3.0,2.0,1,3,1,1,2,1,1,1,0,0,1,1
405,5.0,0.0,3.0,1,1,1,2,2,1,1,0,0,0,0,0
406,5.0,4.0,3.0,1,1,1,1,2,1,1,0,0,0,0,0
407,2.0,0.0,1.0,1,3,1,2,2,1,1,0,0,0,0,0
408,5.0,4.0,3.0,1,1,1,1,2,1,1,0,0,0,0,0
409,1.0,4.0,2.0,1,2,1,1,2,1,1,0,0,0,0,0
410,2.0,3.0,2.0,1,2,1,1,2,1,1,1,0,0,1,1
411,2.0,4.0,1.0,2,3,1,1,2,1,1,0,0,0,0,0
412,2.0,0.0,0.0,2,3,1,2,2,1,1,0,0,0,0,0
413,5.0,4.0,3.0,1,3,1,1,1,1,1,0,0,0,0,0
414,2.0,3.0,2.0,1,2,1,1,2,1,1,0,0,0,0,0
415,1.0,0.0,2.0,1,3,1,1,2,1,1,0,0,0,0,0
416,2.0,3.0,2.0,1,3,1,1,2,1,1,0,0,0,0,0
417,5.0,4.0,3.0,1,3,1,1,2,1,1,0,0,0,0,0
418,5.0,4.0,3.0,1,2,1,1,1,1,1,0,0,0,0,0
419,0.0,5.0,2.0,1,2,1,1,2,1,1,0,0,0,0,0
420,3.0,0.0,1.0,1,3,1,2,2,1,1,1,0,0,1,1
421,2.0,4.0,2.0,1,3,1,1,2,1,1,0,0,0,0,0
422,5.0,4.0,3.0,1,3,1,1,2,1,1,0,0,0,0,0
423,5.0,3.0,3.0,1,1,1,1,2,1,1,0,0,0,0,0
424,2.0,0.0,2.0,1,1,1,2,2,1,1,0,0,0,0,0
425,2.0,0.0,1.0,1,2,1,2,2,1,1,0,0,0,0,0
426,5.0,4.0,3.0,1,2,1,1,1,1,1,0,0,0,0,0
427,1.0,3.0,2.0,2,2,1,1,2,1,1,0,0,0,0,0
428,1.0,3.0,2.0,1,3,1,1,2,1,1,0,0,0,0,0
429,2.0,4.0,1.0,1,3,1,1,2,1,1,1,0,0,1,1
430,5.0,3.0,3.0,1,2,1,1,1,1,1,0,0,0,0,0
431,5.0,3.0,3.0,1,2,1,1,2,1,1,0,0,0,0,0
432,3.0,0.0,0.0,1,3,1,2,2,1,1,0,0,0,0,0
433,2.0,0.0,2.0,1,3,1,1,2,1,1,0,0,0,0,0
434,1.0,4.0,2.0,1,3,1,1,2,1,1,0,0,0,0,0
435,5.0,4.0,3.0,2,2,1,1,2,1,1,0,0,0,0,0
436,2.0,3.0,2.0,1,3,1,2,2,1,1,0,0,0,0,0
437,1.0,4.0,2.0,1,2,1,2,2,1,1,0,0,0,0,0
438,5.0,1.0,3.0,1,2,1,1,1,1,1,0,0,0,0,0
439,1.0,3.0,2.0,1,3,1,1,2,1,1,0,0,0,0,0
440,2.0,4.0,1.0,1,3,1,2,2,1,1,1,0,0,1,1
441,1.0,3.0,2.0,1,3,1,1,2,1,1,0,1,0,1,1
442,5.0,3.0,3.0,1,3,1,1,2,1,1,0,0,0,0,0
443,5.0,4.0,3.0,1,2,1,2,1,1,1,0,0,0,0,0
444,5.0,4.0,3.0,1,2,1,1,1,1,1,0,0,0,0,0
445,2.0,0.0,2.0,1,1,1,2,2,1,1,0,0,0,0,0
446,2.0,4.0,1.0,1,3,1,1,2,1,1,0,0,0,0,0
447,5.0,4.0,3.0,1,3,1,1,2,1,1,0,0,0,0,0
448,1.0,3.0,1.0,1,3,1,2,2,1,1,0,0,0,0,0
449,2.0,3.0,1.0,1,3,1,2,2,1,1,0,0,0,0,0
450,5.0,0.0,3.0,1,2,1,1,1,1,1,0,0,0,0,0
451,0.0,5.0,2.0,1,2,1,1,2,1,1,0,0,0,0,0
452,3.0,0.0,1.0,2,3,1,2,2,1,1,2,0,0,2,1
453,2.0,3.0,2.0,1,3,1,1,2,1,1,0,1,0,1,1
454,5.0,1.0,3.0,1,3,1,2,1,1,1,0,0,0,0,0
455,2.0,0.0,1.0,1,2,1,1,2,1,1,0,0,0,0,0
456,2.0,3.0,2.0,1,3,1,1,2,1,1,0,0,0,0,0
457,0.0,5.0,2.0,1,3,1,1,2,1,1,0,0,0,0,0
458,2.0,4.0,1.0,1,3,1,2,2,1,1,0,0,0,0,0
459,5.0,4.0,3.0,1,2,1,1,2,1,1,0,0,0,0,0
460,2.0,0.0,1.0,1,3,1,2,2,1,1,0,0,0,0,0
461,1.0,3.0,2.0,1,3,1,1,2,1,1,0,0,0,0,0
462,2.0,3.0,2.0,1,2,1,2,2,1,1,0,0,0,0,0
463,5.0,4.0,3.0,1,3,1,1,1,1,1,0,0,0,0,0
464,2.0,3.0,2.0,1,3,1,1,2,1,1,0,0,0,0,0
465,3.0,0.0,1.0,2,2,1,2,2,1,1,3,0,0,3,1
466,2.0,0.0,1.0,2,3,3,1,2,1,1,1,0,0,1,1
467,0.0,5.0,2.0,1,2,1,1,2,1,1,0,0,0,0,0
468,5.0,0.0,3.0,1,3,1,2,1,1,1,0,0,0,0,0
469,2.0,0.0,1.0,1,3,1,2,2,1,1,3,0,0,3,1
470,1.0,3.0,2.0,1,2,1,1,2,1,1,0,0,0,0,0
471,2.0,4.0,2.0,1,1,1,2,2,1,1,0,0,0,0,0
472,5.0,4.0,3.0,1,2,1,1,2,1,1,0,0,0,0,0
473,2.0,3.0,2.0,1,1,1,2,2,1,1,0,0,0,0,0
474,1.0,3.0,2.0,1,2,1,1,2,1,1,0,0,0,0,0
475,0.0,5.0,2.0,1,2,1,2,2,1,1,0,0,0,0,0
476,5.0,4.0,3.0,1,3,1,1,1,1,1,0,0,0,0,0
477,1.0,3.0,2.0,1,2,1,1,2,1,1,0,0,0,0,0
478,3.0,0.0,2.0,2,2,1,2,2,1,1,4,0,0,4,1
479,3.0,0.0,1.0,1,3,1,2,2,1,1,0,0,0,0,0
480,5.0,0.0,3.0,1,3,1,2,1,1,1,0,0,0,0,0
481,2.0,0.0,1.0,2,3,1,2,2,1,1,0,1,0,1,1
482,1.0,3.0,2.0,1,3,1,1,2,1,1,0,0,0,0,0
483,2.0,4.0,2.0,1,2,1,2,2,1,1,0,0,0,0,0
484,5.0,4.0,3.0,1,2,1,1,2,1,1,0,0,0,0,0
485,2.0,3.0,2.0,1,3,1,2,2,1,1,0,0,0,0,0
486,5.0,4.0,3.0,1,2,1,1,1,1,1,0,0,0,0,0
487,1.0,0.0,2.0,1,1,1,1,2,1,1,0,0,0,0,0
488,3.0,0.0,1.0,1,2,1,2,2,1,1,0,0,0,0,0
489,3.0,0.0,0.0,2,2,1,2,2,1,1,0,0,0,0,0
490,5.0,0.0,3.0,1,2,1,2,1,1,1,0,0,0,0,0
491,2.0,0.0,0.0,2,2,3,2,2,1,1,0,0,0,0,0
492,3.0,4.0,1.0,1,2,1,2,2,1,1,0,0,0,0,0
493,5.0,3.0,3.0,1,2,1,1,1,1,1,0,0,0,0,0
494,5.0,4.0,3.0,1,3,1,1,2,1,1,0,0,0,0,0
495,2.0,0.0,1.0,1,3,1,2,2,1,1,0,1,0,1,1
496,5.0,4.0,3.0,1,3,1,1,1,1,1,0,0,0,0,0
497,3.0,0.0,2.0,2,3,1,2,2,1,1,0,0,0,0,0
498,3.0,0.0,2.0,1,2,1,2,2,1,1,1,0,0,1,1
499,1.0,0.0,2.0,1,2,1,2,2,1,1,0,0,0,0,0
500,2.0,0.0,0.0,1,2,1,2,2,1,1,0,0,0,0,0
501,3.0,4.0,1.0,1,3,1,2,2,1,1,5,1,0,6,1
502,5.0,3.0,3.0,1,3,1,1,1,1,1,0,0,0,0,0
503,2.0,3.0,1.0,1,3,1,1,2,1,1,1,0,0,1,1
504,5.0,4.0,3.0,1,3,1,1,1,1,1,0,0,0,0,0
505,5.0,4.0,3.0,1,3,1,2,1,1,1,0,0,0,0,0
506,2.0,4.0,1.0,1,3,1,2,2,1,1,0,0,0,0,0
507,5.0,4.0,3.0,1,2,1,1,1,1,1,0,0,0,0,0
508,5.0,0.0,3.0,1,2,1,2,2,1,1,0,0,0,0,0
509,4.0,0.0,1.0,1,2,1,2,2,1,1,4,0,0,4,1
510,1.0,0.0,2.0,1,3,1,2,2,1,1,0,0,0,0,0
511,1.0,0.0,1.0,1,2,1,2,2,1,1,0,0,0,0,0
512,3.0,0.0,1.0,1,3,1,2,2,1,1,0,0,0,0,0
513,5.0,4.0,3.0,1,2,1,1,1,1,1,1,0,0,1,1
514,2.0,3.0,1.0,2,3,1,2,2,1,1,1,0,0,1,1
515,5.0,4.0,3.0,1,2,1,2,1,1,1,0,0,0,0,0
516,0.0,5.0,2.0,1,3,1,1,2,1,1,0,0,0,0,0
517,2.0,4.0,2.0,1,1,3,2,2,1,1,0,0,0,0,0
518,5.0,4.0,3.0,1,2,1,1,1,1,1,0,0,0,0,0
519,4.0,0.0,1.0,2,2,1,2,2,1,1,3,0,0,3,1
520,1.0,3.0,2.0,1,2,1,2,2,1,1,0,0,0,0,0
521,3.0,0.0,1.0,2,3,3,2,2,1,1,1,0,0,1,1
522,5.0,4.0,3.0,1,3,1,1,1,1,1,0,0,0,0,0
523,1.0,0.0,1.0,1,2,1,2,2,1,1,0,0,0,0,0
524,5.0,4.0,3.0,1,2,1,2,1,1,1,0,0,0,0,0
525,2.0,3.0,1.0,1,3,1,1,2,1,1,0,0,0,0,0
526,1.0,3.0,2.0,1,3,1,1,2,1,1,0,0,0,0,0
527,5.0,4.0,3.0,1,2,1,1,1,1,1,0,0,0,0,0
528,4.0,0.0,1.0,2,2,1,2,2,1,1,0,0,0,0,0
529,1.0,3.0,2.0,1,2,1,2,2,1,1,0,0,0,0,0
530,5.0,4.0,3.0,1,3,1,2,2,1,1,1,0,0,1,1
531,3.0,0.0,1.0,1,3,1,2,2,1,1,0,0,0,0,0
532,5.0,4.0,3.0,2,2,1,1,1,1,1,1,0,0,1,1
533,1.0,0.0,1.0,2,3,1,2,2,1,1,0,0,0,0,0
534,5.0,4.0,3.0,1,2,1,2,1,1,1,0,0,0,0,0
535,2.0,3.0,1.0,1,3,1,2,2,1,1,0,0,0,0,0
536,1.0,3.0,2.0,1,3,1,1,2,1,1,0,0,0,0,0
537,5.0,4.0,3.0,1,2,1,1,1,1,1,0,0,0,0,0
538,4.0,0.0,1.0,1,1,1,2,2,1,1,0,0,0,0,0
539,5.0,3.0,3.0,1,1,1,2,2,1,1,0,0,0,0,0
540,5.0,4.0,3.0,2,3,1,2,2,1,1,0,0,0,0,0
541,3.0,4.0,1.0,2,2,1,2,2,1,1,3,0,0,3,1
542,5.0,4.0,3.0,1,3,1,1,1,1,1,0,0,0,0,0
543,2.0,3.0,1.0,1,2,1,2,2,1,1,0,0,0,0,0
544,5.0,3.0,3.0,1,2,1,2,1,1,1,0,0,0,0,0
545,2.0,0.0,2.0,1,2,1,2,2,1,1,0,0,0,0,0
546,5.0,3.0,3.0,1,1,1,1,2,1,1,0,0,0,0,0
547,0.0,5.0,2.0,1,2,1,1,2,1,1,0,0,0,0,0
548,5.0,4.0,3.0,1,2,1,2,1,1,1,0,0,0,0,0
549,5.0,4.0,3.0,1,2,1,2,2,1,1,0,0,0,0,0
550,3.0,4.0,1.0,2,2,1,2,2,1,1,0,0,0,0,0
551,1.0,4.0,2.0,2,2,1,1,2,1,1,0,0,0,0,0
552,1.0,3.0,2.0,1,1,1,2,2,1,1,0,0,0,0,0
553,5.0,4.0,3.0,1,2,1,2,1,1,1,0,0,0,0,0
554,0.0,5.0,2.0,1,3,1,1,2,1,1,0,0,0,0,0
555,5.0,4.0,3.0,1,3,1,1,1,1,1,0,0,0,0,0
556,5.0,4.0,3.0,1,2,1,2,2,1,1,0,0,0,0,0
557,2.0,0.0,1.0,2,2,1,2,2,1,1,1,0,0,1,1
558,5.0,4.0,3.0,1,2,1,1,2,1,1,0,0,0,0,0
559,0.0,5.0,2.0,1,2,1,2,2,1,1,0,0,0,0,0
560,5.0,4.0,3.0,1,2,1,2,1,1,1,0,0,0,0,0
561,1.0,3.0,2.0,1,3,1,1,2,1,1,0,0,0,0,0
562,2.0,4.0,2.0,2,3,1,2,2,1,1,0,0,0,0,0
563,2.0,1.0,2.0,1,3,1,1,2,1,1,0,0,0,0,0
564,2.0,3.0,2.0,1,3,1,1,2,1,1,0,0,0,0,0
565,1.0,4.0,2.0,1,2,1,1,2,1,1,0,0,0,0,0
566,5.0,4.0,3.0,1,2,1,2,2,1,1,0,0,0,0,0
567,2.0,0.0,1.0,1,2,1,2,2,1,1,0,0,0,0,0
568,5.0,4.0,3.0,1,2,1,1,2,1,1,0,0,0,0,0
569,5.0,3.0,3.0,1,2,1,2,1,1,1,0,0,0,0,0
570,1.0,4.0,2.0,1,3,1,2,2,1,1,0,0,0,0,0
571,1.0,4.0,1.0,1,3,1,1,2,1,1,0,0,0,0,0
572,5.0,3.0,3.0,1,2,1,1,2,1,1,0,0,0,0,0
573,1.0,4.0,2.0,1,3,1,1,2,1,1,0,0,0,0,0
574,5.0,4.0,3.0,1,2,1,2,2,1,1,0,0,0,0,0
575,2.0,0.0,2.0,1,3,1,2,2,1,1,0,0,0,0,0
576,5.0,4.0,3.0,1,2,1,1,2,1,1,0,0,0,0,0
577,5.0,3.0,3.0,1,3,1,2,1,1,1,0,0,0,0,0
578,0.0,5.0,2.0,1,3,1,1,2,1,1,0,0,0,0,0
579,1.0,4.0,2.0,1,2,1,2,2,1,1,1,0,0,1,1
580,1.0,4.0,2.0,1,2,1,1,2,1,1,0,0,0,0,0
581,1.0,3.0,2.0,1,3,1,1,2,1,1,0,0,0,0,0
582,1.0,4.0,2.0,1,1,1,1,2,1,1,0,0,0,0,0
583,0.0,5.0,2.0,1,3,1,1,2,1,1,0,0,0,0,0
584,1.0,4.0,2.0,1,2,1,1,2,1,1,1,0,0,1,1
585,2.0,0.0,1.0,1,3,1,2,2,1,1,1,0,0,1,1
586,5.0,4.0,3.0,1,2,1,1,2,1,1,0,0,0,0,0
587,5.0,4.0,3.0,1,3,1,2,1,1,1,0,0,0,0,0
588,1.0,4.0,2.0,1,3,1,1,2,1,1,1,0,0,1,1
589,1.0,4.0,2.0,1,3,1,2,2,1,1,2,1,0,3,1
590,5.0,4.0,3.0,1,3,1,1,2,1,1,1,0,0,1,1
591,1.0,3.0,2.0,1,2,1,1,2,1,1,0,0,0,0,0
592,2.0,4.0,2.0,1,3,1,1,2,1,1,0,0,0,0,0
593,5.0,4.0,3.0,2,3,1,1,2,1,1,0,0,0,0,0
594,5.0,4.0,3.0,1,3,1,1,2,1,1,0,0,0,0,0
595,2.0,0.0,2.0,1,2,1,2,2,1,1,1,0,0,1,1
596,5.0,4.0,3.0,1,2,1,1,2,1,1,0,0,0,0,0
597,5.0,4.0,3.0,1,2,1,2,1,1,1,0,0,0,0,0
598,2.0,4.0,1.0,1,3,1,1,2,1,1,0,0,0,0,0
599,2.0,0.0,1.0,2,2,1,2,2,1,1,1,0,0,1,1
600,4.0,4.0,2.0,2,2,1,1,2,1,1,0,0,0,0,0
601,5.0,3.0,3.0,1,2,1,1,2,1,1,0,0,0,0,0
602,1.0,3.0,1.0,1,2,1,1,2,1,1,2,0,0,2,1
603,5.0,4.0,3.0,1,2,1,1,2,1,1,0,0,0,0,0
604,5.0,4.0,3.0,1,2,1,1,2,1,1,0,0,0,0,0
605,2.0,0.0,2.0,1,3,1,2,2,1,1,0,0,0,0,0
606,2.0,0.0,1.0,2,2,1,2,2,1,1,2,0,0,2,1
607,2.0,4.0,2.0,2,2,3,2,2,1,1,0,0,0,0,0
608,4.0,1.0,2.0,1,2,1,1,2,1,1,0,0,0,0,0
609,1.0,3.0,2.0,1,3,1,1,2,1,1,0,0,0,0,0
610,2.0,3.0,1.0,1,3,1,1,2,1,1,0,0,0,0,0
611,1.0,4.0,2.0,1,2,1,1,2,1,1,0,0,0,0,0
612,5.0,3.0,3.0,1,2,1,1,2,1,1,0,0,0,0,0
613,5.0,3.0,3.0,1,3,1,1,1,1,1,0,0,0,0,0
614,2.0,4.0,2.0,1,3,1,1,2,1,1,0,0,0,0,0
615,2.0,4.0,1.0,1,1,1,2,2,1,1,0,0,0,0,0
616,1.0,3.0,1.0,1,2,1,2,2,1,1,1,0,0,1,1
617,1.0,4.0,2.0,1,3,1,1,2,1,1,0,0,0,0,0
618,0.0,5.0,1.0,2,2,1,2,2,1,1,0,0,0,0,0
619,5.0,4.0,3.0,1,3,1,1,2,1,1,0,0,0,0,0
620,0.0,5.0,2.0,1,3,1,1,2,1,1,0,0,0,0,0
621,1.0,4.0,1.0,1,3,1,1,2,1,1,0,0,0,0,0
622,5.0,3.0,3.0,2,1,1,2,2,1,1,0,0,0,0,0
623,1.0,4.0,2.0,1,2,1,2,2,1,1,0,0,0,0,0
624,5.0,4.0,3.0,1,2,1,1,2,1,1,0,0,0,0,0
625,0.0,5.0,1.0,1,2,1,2,2,1,1,1,0,0,1,1
626,1.0,4.0,2.0,1,2,1,1,2,1,1,0,0,0,0,0
627,0.0,5.0,2.0,1,3,1,1,2,1,1,0,0,0,0,0
628,2.0,0.0,2.0,1,3,1,1,2,1,1,0,0,0,0,0
629,1.0,4.0,2.0,1,2,1,1,2,1,1,0,0,0,0,0
630,0.0,5.0,2.0,1,3,1,1,2,1,1,0,0,0,0,0
631,1.0,4.0,2.0,2,2,1,2,2,1,1,0,0,0,0,0
632,1.0,4.0,1.0,1,3,1,1,2,1,1,0,0,0,0,0
633,1.0,3.0,2.0,1,2,1,2,2,1,1,0,0,0,0,0
634,1.0,4.0,2.0,1,3,1,1,2,1,1,0,0,0,0,0
635,2.0,0.0,1.0,1,2,1,1,2,1,1,0,0,0,0,0
636,3.0,0.0,1.0,1,3,1,1,2,1,1,0,0,0,0,0
637,5.0,3.0,3.0,1,3,1,1,2,1,1,0,0,0,0,0
638,1.0,3.0,2.0,1,3,1,1,2,1,1,0,0,0,0,0
639,5.0,4.0,3.0,1,1,1,2,2,1,1,0,0,0,0,0
640,2.0,4.0,2.0,1,2,1,1,2,1,1,0,0,0,0,0
641,1.0,4.0,2.0,2,3,1,2,2,1,1,0,0,0,0,0
642,1.0,4.0,2.0,1,3,1,1,2,1,1,0,0,0,0,0
643,2.0,0.0,2.0,1,2,1,2,2,1,1,0,0,0,0,0
644,4.0,4.0,1.0,1,3,1,2,2,1,1,2,0,0,2,1
645,2.0,0.0,1.0,1,2,1,1,2,1,1,0,0,0,0,0
646,1.0,3.0,2.0,1,3,1,1,2,1,1,0,0,0,0,0
647,2.0,0.0,1.0,1,3,1,1,2,1,1,1,0,0,1,1
648,3.0,4.0,2.0,1,3,1,1,2,1,1,6,0,0,6,1
649,5.0,4.0,3.0,1,2,1,2,2,1,1,0,0,0,0,0
650,1.0,4.0,2.0,1,2,1,1,2,1,1,0,0,0,0,0
651,5.0,4.0,3.0,1,1,1,1,2,1,1,0,0,0,0,0
652,1.0,4.0,2.0,1,3,1,2,2,1,1,0,0,0,0,0
653,4.0,4.0,1.0,1,3,1,2,2,1,1,1,0,0,1,1
654,2.0,3.0,2.0,1,2,1,2,2,1,1,0,0,0,0,0
655,2.0,0.0,1.0,2,3,1,2,2,1,1,0,0,0,0,0
656,2.0,3.0,0.0,2,3,1,1,2,1,1,1,0,0,1,1
657,5.0,2.0,3.0,1,3,1,1,1,1,1,0,0,0,0,0
658,1.0,3.0,2.0,1,2,1,1,2,1,1,0,0,0,0,0
659,5.0,4.0,3.0,1,2,1,1,2,1,1,0,0,0,0,0
660,5.0,0.0,3.0,1,1,1,2,2,1,1,0,0,0,0,0
661,4.0,4.0,1.0,2,2,1,2,2,1,1,0,0,0,0,0
662,0.0,5.0,2.0,1,2,1,2,2,1,1,0,0,0,0,0
663,2.0,4.0,1.0,1,2,1,2,2,1,1,0,0,0,0,0
664,3.0,1.0,0.0,2,3,1,2,2,1,1,0,0,0,0,0
665,0.0,5.0,2.0,1,2,1,1,2,1,1,0,0,0,0,0
666,1.0,1.0,2.0,1,3,1,2,2,1,1,0,0,0,0,0
667,0.0,5.0,2.0,1,3,1,1,2,1,1,0,0,0,0,0
668,5.0,3.0,3.0,1,2,1,1,2,1,1,0,0,0,0,0
669,5.0,3.0,3.0,1,3,1,2,2,1,1,0,0,0,0,0
670,4.0,3.0,1.0,1,2,1,2,2,1,1,1,0,0,1,1
671,5.0,4.0,3.0,1,1,1,2,2,1,1,0,0,0,0,0
672,2.0,0.0,1.0,1,3,1,2,2,1,1,1,0,0,1,1
673,3.0,2.0,1.0,2,3,1,2,2,2,1,1,0,0,1,1
674,4.0,1.0,2.0,1,2,1,2,2,1,1,1,0,0,1,1
675,0.0,5.0,2.0,1,3,1,1,2,1,1,0,0,0,0,0
676,5.0,3.0,3.0,1,2,1,1,2,1,1,0,0,0,0,0
677,0.0,5.0,2.0,1,2,1,2,2,1,1,0,0,0,0,0
678,2.0,0.0,1.0,1,2,1,2,2,1,1,1,0,0,1,1
679,4.0,2.0,1.0,1,2,1,2,2,1,1,1,0,0,1,1
680,3.0,1.0,2.0,2,2,1,2,2,1,1,1,0,0,1,1
681,0.0,5.0,1.0,1,3,1,1,2,1,1,0,0,0,0,0
682,5.0,4.0,3.0,1,2,1,2,1,1,1,0,0,0,0,0
683,5.0,3.0,3.0,1,2,1,1,2,1,1,0,0,0,0,0
684,0.0,5.0,2.0,1,1,1,2,2,1,1,0,0,0,0,0
685,2.0,4.0,1.0,2,2,1,2,2,1,1,1,0,0,1,1
686,3.0,2.0,1.0,2,2,1,2,2,1,1,2,0,0,2,1
687,4.0,1.0,2.0,1,3,1,2,2,1,1,0,0,0,0,0
688,1.0,3.0,2.0,1,3,1,1,2,1,1,0,0,0,0,0
689,1.0,4.0,2.0,1,3,1,2,2,1,1,0,0,0,0,0
690,5.0,3.0,3.0,1,1,1,2,2,1,1,0,0,0,0,0
691,0.0,5.0,1.0,1,1,1,2,2,1,1,0,0,0,0,0
692,4.0,2.0,1.0,1,2,1,2,2,1,1,4,0,0,4,1
693,2.0,1.0,1.0,2,3,1,2,2,1,1,0,0,0,0,0
694,1.0,3.0,2.0,1,2,1,1,2,1,1,0,0,0,0,0
695,5.0,4.0,3.0,1,3,1,2,2,1,1,0,0,0,0,0
696,5.0,3.0,3.0,1,2,1,1,2,1,1,0,0,0,0,0
697,0.0,5.0,2.0,1,3,1,1,2,1,1,0,0,0,0,0
698,5.0,4.0,3.0,1,3,1,1,1,1,1,0,0,0,0,0
699,5.0,3.0,3.0,1,3,1,2,2,1,1,0,0,0,0,0
700,4.0,0.0,1.0,2,3,1,2,2,2,1,1,1,0,2,1
701,3.0,1.0,1.0,1,3,1,2,2,1,1,1,1,0,2,1
702,5.0,4.0,3.0,1,2,1,2,2,1,1,0,0,0,0,0
703,5.0,3.0,3.0,1,2,1,1,2,1,1,0,0,0,0,0
704,5.0,4.0,3.0,1,3,1,1,1,1,1,0,0,0,0,0
705,5.0,3.0,3.0,1,3,1,2,2,1,1,0,0,0,0,0
706,4.0,0.0,1.0,2,3,1,2,2,1,1,0,0,0,0,0
707,3.0,1.0,1.0,1,3,1,2,2,1,1,3,0,0,3,1
708,5.0,4.0,3.0,1,3,1,2,2,1,1,0,0,0,0,0
709,5.0,3.0,3.0,1,3,1,1,2,1,1,0,0,0,0,0
710,5.0,4.0,3.0,1,3,1,1,1,1,1,0,0,0,0,0
711,0.0,5.0,2.0,1,3,1,1,2,1,1,0,0,0,0,0
712,4.0,0.0,1.0,2,2,3,2,2,1,1,0,0,0,0,0
713,3.0,1.0,2.0,2,2,2,2,2,1,1,0,0,0,0,0
714,5.0,4.0,3.0,1,2,1,2,2,1,1,0,0,0,0,0
715,5.0,3.0,3.0,1,2,1,1,2,1,1,0,0,0,0,0
716,1.0,4.0,1.0,1,3,1,1,2,1,1,0,0,0,0,0
717,4.0,0.0,1.0,1,2,1,2,2,1,1,1,0,0,1,1
718,3.0,1.0,2.0,2,2,1,2,2,1,1,1,0,0,1,1
719,5.0,4.0,3.0,1,3,1,2,2,1,1,0,0,0,0,0
720,5.0,3.0,3.0,1,3,1,1,2,1,1,0,0,0,0,0
721,2.0,4.0,1.0,1,3,1,1,2,1,1,0,0,0,0,0
722,4.0,0.0,1.0,1,2,1,2,2,1,1,0,0,0,0,0
723,3.0,0.0,2.0,1,2,1,2,2,1,1,1,0,0,1,1
724,5.0,4.0,3.0,1,3,1,2,2,1,1,0,0,0,0,0
725,2.0,4.0,1.0,1,3,1,2,2,1,1,0,0,0,0,0
726,1.0,3.0,2.0,1,2,1,1,2,1,1,0,0,0,0,0
727,0.0,5.0,2.0,1,3,1,1,2,1,1,0,0,0,0,0
728,4.0,0.0,1.0,2,2,1,2,2,1,1,1,0,0,1,1
729,5.0,4.0,3.0,1,3,1,2,2,1,1,0,0,0,0,0
730,2.0,0.0,2.0,1,3,1,2,2,1,1,0,0,0,0,0
731,0.0,5.0,2.0,1,3,1,1,2,1,1,0,0,0,0,0
732,0.0,5.0,2.0,1,2,1,1,2,1,1,0,0,0,0,0
733,0.0,5.0,2.0,1,2,1,1,2,1,1,0,0,0,0,0
734,0.0,5.0,1.0,1,3,1,1,2,1,1,0,0,0,0,0
735,3.0,4.0,2.0,1,1,1,2,2,1,1,0,0,0,0,0
736,2.0,0.0,1.0,1,3,1,2,2,1,1,0,0,0,0,0
737,5.0,3.0,3.0,1,3,1,1,2,1,1,0,0,0,0,0
738,1.0,3.0,2.0,1,3,1,1,2,1,1,0,0,0,0,0
739,0.0,5.0,2.0,1,3,1,1,2,1,1,0,0,0,0,0
740,5.0,4.0,3.0,1,2,1,2,1,1,1,0,0,0,0,0
741,5.0,3.0,3.0,2,2,1,2,2,1,1,0,0,0,0,0
742,1.0,4.0,2.0,1,3,1,1,2,1,1,0,0,0,0,0
743,2.0,0.0,1.0,1,3,1,2,2,1,1,0,0,0,0,0
744,5.0,3.0,3.0,1,2,1,1,2,1,1,0,0,0,0,0
745,0.0,5.0,2.0,1,2,1,1,2,1,1,0,0,0,0,0
746,1.0,3.0,2.0,1,2,1,1,2,1,1,0,0,0,0,0
747,5.0,4.0,3.0,1,2,1,2,1,1,1,0,0,0,0,0
748,0.0,5.0,1.0,1,3,1,1,2,1,1,0,0,0,0,0
749,5.0,4.0,3.0,1,2,1,1,1,1,1,0,0,0,0,0
750,5.0,0.0,3.0,1,2,1,1,2,1,1,0,0,0,0,0
751,1.0,0.0,2.0,1,2,1,2,2,1,1,0,0,0,0,0
752,0.0,5.0,2.0,1,3,1,1,2,1,1,0,0,0,0,0
753,0.0,5.0,1.0,1,3,1,1,2,1,1,0,0,0,0,0
754,0.0,5.0,2.0,1,3,1,1,2,1,1,0,0,0,0,0
755,5.0,4.0,3.0,1,3,1,2,1,1,1,0,0,0,0,0
756,1.0,3.0,2.0,1,3,1,1,2,1,1,0,0,0,0,0
757,1.0,4.0,2.0,1,3,1,1,2,1,1,0,0,0,0,0
758,5.0,0.0,3.0,1,3,1,1,2,1,1,0,0,0,0,0
759,3.0,0.0,2.0,1,3,1,2,2,1,1,0,0,0,0,0
760,0.0,5.0,2.0,1,3,1,1,2,1,1,0,0,0,0,0
761,5.0,4.0,3.0,1,2,1,2,1,1,1,0,0,0,0,0
762,1.0,3.0,2.0,1,2,1,1,2,1,1,0,0,0,0,0
763,5.0,4.0,3.0,1,3,1,1,2,1,1,0,0,0,0,0
764,1.0,0.0,2.0,1,2,1,2,2,1,1,0,0,0,0,0
765,1.0,3.0,2.0,1,3,1,1,2,1,1,0,0,0,0,0
766,5.0,4.0,3.0,1,2,1,2,1,1,1,0,0,0,0,0
767,5.0,3.0,3.0,1,1,1,1,2,1,1,1,0,0,1,1
768,5.0,4.0,3.0,1,1,1,1,2,1,1,0,0,0,0,0
769,1.0,4.0,1.0,1,3,1,1,2,1,1,1,0,0,1,1
770,5.0,0.0,3.0,1,3,1,2,1,1,1,0,0,0,0,0
771,0.0,5.0,1.0,1,2,1,1,2,1,1,0,0,0,0,0
772,5.0,4.0,3.0,1,2,1,1,2,1,1,0,0,0,0,0
773,0.0,5.0,2.0,2,2,1,2,2,1,1,2,0,0,2,1
774,1.0,4.0,2.0,1,2,1,1,2,1,1,0,0,0,0,0
775,1.0,0.0,2.0,1,3,1,2,2,1,1,0,0,0,0,0
776,0.0,5.0,2.0,2,2,1,1,2,1,1,0,0,0,0,0
777,5.0,4.0,3.0,1,2,1,1,2,1,1,0,0,0,0,0
778,5.0,3.0,3.0,1,2,1,1,2,1,1,0,0,0,0,0
779,1.0,3.0,2.0,1,3,1,1,2,1,1,0,0,0,0,0
780,0.0,5.0,2.0,1,3,1,1,2,1,1,0,0,0,0,0
781,1.0,4.0,2.0,2,2,1,1,2,1,1,0,0,0,0,0
782,5.0,0.0,3.0,1,2,1,2,2,1,1,0,0,0,0,0
783,0.0,5.0,2.0,1,1,1,1,2,1,1,0,0,0,0,0
784,5.0,4.0,3.0,1,2,1,1,2,1,1,0,0,0,0,0
785,0.0,5.0,2.0,1,3,1,1,2,1,1,0,0,0,0,0
786,5.0,3.0,3.0,1,2,1,1,2,1,1,0,0,0,0,0
787,1.0,3.0,2.0,1,2,1,1,2,1,1,0,0,0,0,0
788,5.0,0.0,3.0,1,2,1,2,2,1,1,0,0,0,0,0
789,5.0,1.0,3.0,1,3,1,1,2,1,1,0,0,0,0,0
790,0.0,5.0,2.0,1,1,1,1,2,1,1,0,0,0,0,0
791,5.0,3.0,3.0,1,1,1,1,2,1,1,0,0,0,0,0
792,5.0,4.0,3.0,1,2,1,1,2,1,1,1,0,0,1,1
793,1.0,3.0,2.0,1,3,1,1,2,1,1,0,0,0,0,0
794,5.0,0.0,3.0,1,3,1,2,2,1,1,0,0,0,0,0
795,5.0,1.0,3.0,1,2,1,1,2,1,1,0,0,0,0,0
796,0.0,5.0,2.0,1,3,1,1,2,1,1,0,0,0,0,0
797,5.0,4.0,3.0,1,2,1,1,2,1,1,1,0,0,1,1
798,1.0,3.0,2.0,1,2,1,1,2,1,1,0,0,0,0,0
799,0.0,5.0,2.0,1,1,1,2,2,1,1,0,0,0,0,0
800,5.0,4.0,3.0,1,2,1,1,2,1,1,0,0,0,0,0
801,1.0,4.0,2.0,2,2,1,1,2,1,1,0,0,0,0,0
802,0.0,5.0,2.0,1,3,1,1,2,1,1,1,0,0,1,1
803,1.0,4.0,2.0,1,2,1,1,2,1,1,0,0,0,0,0
804,0.0,5.0,2.0,1,2,1,2,2,1,1,0,0,0,0,0
805,5.0,4.0,3.0,1,3,1,1,2,1,1,0,0,0,0,0
806,1.0,4.0,2.0,2,3,1,1,2,1,1,0,0,0,0,0
807,0.0,5.0,2.0,2,3,1,1,2,1,1,0,0,0,0,0
808,1.0,4.0,2.0,1,3,1,1,2,1,1,0,0,0,0,0
809,0.0,5.0,2.0,1,2,1,1,2,1,1,0,0,0,0,0
810,5.0,4.0,3.0,1,3,1,1,1,1,1,0,0,0,0,0
811,5.0,0.0,3.0,1,3,1,1,1,1,1,0,0,0,0,0
812,5.0,0.0,3.0,1,3,1,1,1,1,1,0,0,0,0,0
813,5.0,0.0,3.0,1,2,1,1,1,1,1,0,0,0,0,0
814,5.0,0.0,3.0,1,2,1,1,1,1,1,0,0,0,0,0
815,5.0,4.0,3.0,1,3,1,1,2,1,1,0,0,0,0,0
816,2.0,0.0,1.0,1,3,1,2,2,1,1,2,0,0,2,1
817,5.0,4.0,3.0,1,2,1,1,2,1,1,0,0,0,0,0
818,2.0,3.0,2.0,1,2,1,1,2,1,1,1,0,0,1,1
819,2.0,0.0,1.0,1,3,1,1,2,1,1,0,1,0,1,1
820,1.0,0.0,2.0,1,3,1,1,2,1,1,0,0,0,0,0
821,5.0,4.0,3.0,1,2,1,1,1,1,1,0,0,0,0,0
822,5.0,4.0,3.0,1,2,1,1,1,1,1,0,0,0,0,0
823,1.0,4.0,2.0,1,3,1,1,2,1,1,0,0,0,0,0
824,0.0,5.0,2.0,1,3,1,1,2,1,1,0,0,0,0,0
825,5.0,4.0,3.0,1,2,1,1,1,1,1,0,0,0,0,0
826,5.0,4.0,3.0,1,3,1,1,2,1,1,0,0,0,0,0
827,2.0,0.0,1.0,1,3,1,2,2,1,1,3,0,0,3,1
828,5.0,4.0,3.0,1,2,1,1,2,1,1,0,0,0,0,0
829,2.0,3.0,2.0,1,3,1,1,2,1,1,0,0,0,0,0
830,2.0,0.0,1.0,1,3,1,2,2,1,1,0,1,0,1,1
831,1.0,0.0,2.0,1,3,1,1,2,1,1,0,0,0,0,0
832,5.0,4.0,3.0,1,2,1,1,1,1,1,0,0,0,0,0
833,5.0,4.0,3.0,1,2,1,1,1,1,1,0,0,0,0,0
834,5.0,4.0,3.0,1,2,1,1,2,1,1,0,0,0,0,0
835,5.0,4.0,3.0,1,3,1,1,1,1,1,2,0,0,2,1
836,2.0,1.0,2.0,1,3,1,2,2,1,1,0,0,0,0,0
837,5.0,4.0,3.0,1,2,1,1,2,1,1,0,0,0,0,0
838,1.0,3.0,2.0,2,2,1,1,2,1,1,0,0,0,0,0
839,2.0,4.0,2.0,2,2,2,2,2,1,1,1,1,0,2,1
840,1.0,3.0,2.0,1,2,1,1,2,1,1,0,0,0,0,0
841,5.0,4.0,3.0,1,3,1,1,1,1,1,0,0,0,0,0
842,5.0,4.0,3.0,1,3,1,1,1,1,1,0,0,0,0,0
843,1.0,4.0,2.0,1,3,1,1,2,1,1,3,0,0,3,1
844,4.0,0.0,1.0,1,3,1,1,2,1,1,0,0,0,0,0
845,3.0,4.0,2.0,1,2,1,2,2,1,1,0,0,0,0,0
846,5.0,4.0,3.0,1,2,1,1,2,1,1,0,0,0,0,0
847,2.0,3.0,2.0,1,2,1,1,2,1,1,0,0,0,0,0
848,1.0,4.0,2.0,2,2,3,2,2,1,1,0,0,0,0,0
849,5.0,4.0,3.0,1,1,1,1,2,1,1,0,0,0,0,0
850,2.0,4.0,2.0,1,1,1,1,2,1,1,0,0,0,0,0
851,1.0,4.0,2.0,1,3,1,1,2,1,1,0,0,0,0,0
852,2.0,0.0,1.0,2,3,1,1,2,1,1,3,0,0,3,1
853,1.0,0.0,2.0,1,3,1,2,2,1,1,0,0,0,0,0
854,5.0,4.0,3.0,1,2,1,2,1,1,1,0,0,0,0,0
855,5.0,4.0,3.0,1,2,1,1,2,1,1,0,0,0,0,0
856,1.0,3.0,2.0,1,2,1,1,2,1,1,0,0,0,0,0
857,5.0,4.0,3.0,1,1,2,2,2,1,1,0,0,0,0,0
858,1.0,4.0,2.0,1,3,1,1,2,1,1,0,0,0,0,0
859,1.0,4.0,2.0,1,3,1,1,2,1,1,0,0,0,0,0
860,2.0,2.0,1.0,2,3,1,2,2,1,1,2,0,0,2,1
861,3.0,0.0,1.0,1,3,1,2,2,1,1,3,0,0,3,1
862,5.0,4.0,3.0,1,2,1,2,1,1,1,0,0,0,0,0
863,1.0,3.0,2.0,1,3,1,1,2,1,1,0,0,0,0,0
864,5.0,4.0,3.0,1,3,1,1,2,1,1,0,0,0,0,0
865,1.0,3.0,2.0,1,2,1,1,2,1,1,0,0,0,0,0
866,5.0,4.0,3.0,1,3,1,2,2,1,1,0,0,0,0,0
867,1.0,4.0,2.0,1,2,1,1,2,1,1,0,0,0,0,0
868,1.0,4.0,2.0,1,2,1,1,2,1,1,0,0,0,0,0
869,2.0,2.0,1.0,2,3,1,2,2,1,1,0,0,0,0,0
870,3.0,0.0,1.0,1,2,1,2,2,1,1,0,0,0,0,0
871,5.0,4.0,3.0,1,3,1,2,1,1,1,0,0,0,0,0
872,1.0,3.0,2.0,1,3,1,1,2,1,1,0,0,0,0,0
873,0.0,5.0,2.0,1,3,1,1,2,1,1,0,0,0,0,0
874,0.0,5.0,2.0,1,2,1,1,2,1,1,1,0,0,1,1
875,5.0,4.0,3.0,1,2,1,1,2,1,1,0,0,0,0,0
876,5.0,3.0,3.0,1,1,1,1,2,1,1,0,0,0,0,0
877,5.0,4.0,3.0,1,2,1,2,2,1,1,0,0,0,0,0
878,5.0,4.0,3.0,1,1,1,1,2,1,1,0,0,0,0,0
879,5.0,4.0,3.0,1,2,1,1,2,1,1,0,0,0,0,0
880,2.0,0.0,1.0,2,2,1,2,2,1,1,1,0,0,1,1
881,2.0,4.0,1.0,2,3,1,2,2,1,1,0,0,0,0,0
882,5.0,4.0,3.0,1,2,1,2,1,1,1,0,0,0,0,0
883,1.0,3.0,2.0,1,2,1,1,2,1,1,0,0,0,0,0
884,2.0,3.0,2.0,1,3,1,1,2,1,1,0,0,0,0,0
885,2.0,4.0,2.0,1,3,1,1,2,1,1,2,2,0,4,1
886,5.0,4.0,3.0,1,2,1,2,2,1,1,0,0,0,0,0
887,5.0,4.0,3.0,1,2,1,1,2,1,1,0,0,0,0,0
888,5.0,4.0,3.0,1,1,1,1,2,1,1,0,0,0,0,0
889,2.0,4.0,2.0,1,2,1,2,2,1,1,3,0,0,3,1
890,2.0,4.0,2.0,1,2,1,2,2,1,1,0,0,0,0,0
891,5.0,4.0,3.0,1,2,1,2,1,1,1,0,0,0,0,0
892,2.0,4.0,2.0,1,3,1,1,2,1,1,0,0,0,0,0
893,3.0,4.0,2.0,2,3,3,1,2,1,1,0,0,0,0,0
894,0.0,5.0,2.0,1,3,1,1,2,1,1,0,0,0,0,0
895,5.0,4.0,3.0,1,3,1,2,2,1,1,0,0,0,0,0
896,5.0,4.0,3.0,1,2,1,1,2,1,1,0,0,0,0,0
897,5.0,4.0,3.0,1,2,1,1,2,1,1,0,0,0,0,0
898,2.0,2.0,1.0,2,2,1,2,2,1,1,3,0,0,3,1
899,1.0,4.0,2.0,1,2,1,2,2,1,1,0,0,0,0,0
900,5.0,4.0,3.0,1,3,1,2,1,1,1,0,0,0,0,0
901,0.0,5.0,2.0,1,3,1,1,2,1,1,0,0,0,0,0
902,2.0,0.0,1.0,1,3,1,1,2,1,1,1,0,0,1,1
903,1.0,4.0,2.0,2,2,2,1,2,1,1,0,0,0,0,0
904,2.0,3.0,2.0,1,3,1,1,2,1,1,0,0,0,0,0
905,5.0,4.0,3.0,1,2,1,2,2,1,1,0,0,0,0,0
906,5.0,4.0,3.0,1,2,1,1,2,1,1,0,0,0,0,0
907,5.0,4.0,3.0,1,3,1,1,2,1,1,0,0,0,0,0
908,2.0,2.0,1.0,2,2,1,2,2,1,1,0,0,0,0,0
909,1.0,4.0,2.0,1,2,1,2,2,1,1,0,0,0,0,0
910,5.0,4.0,3.0,1,3,1,2,1,1,1,0,0,0,0,0
911,0.0,5.0,2.0,1,1,1,1,2,1,1,0,0,0,0,0
912,2.0,0.0,1.0,1,3,1,2,2,1,1,0,0,0,0,0
913,1.0,4.0,2.0,1,2,1,1,2,1,1,0,0,0,0,0
914,2.0,3.0,2.0,1,3,1,1,2,1,1,0,0,0,0,0
915,5.0,4.0,3.0,1,2,1,2,2,1,1,0,0,0,0,0
916,5.0,4.0,3.0,1,2,1,1,2,1,1,0,0,0,0,0
917,3.0,0.0,2.0,1,2,1,2,2,1,1,0,1,0,1,1
918,1.0,4.0,2.0,1,1,1,2,2,1,1,0,0,0,0,0
919,5.0,4.0,3.0,1,3,1,2,1,1,1,0,0,0,0,0
920,5.0,3.0,3.0,1,2,1,1,2,1,1,0,0,0,0,0
921,3.0,0.0,0.0,2,2,1,2,2,1,1,0,0,0,0,0
922,2.0,0.0,1.0,1,3,1,1,2,1,1,0,0,0,0,0
923,2.0,0.0,1.0,1,3,1,1,2,1,1,0,0,0,0,0
924,3.0,4.0,1.0,1,3,1,1,2,1,1,0,0,0,0,0
925,2.0,4.0,1.0,1,3,1,1,2,1,1,0,0,0,0,0
926,5.0,4.0,3.0,1,2,1,1,2,1,1,0,0,0,0,0
927,1.0,0.0,2.0,2,2,3,2,2,1,1,0,0,0,0,0
928,1.0,4.0,2.0,1,3,1,2,2,1,1,0,0,0,0,0
929,5.0,4.0,3.0,1,2,1,2,1,1,1,0,0,0,0,0
930,5.0,3.0,3.0,1,3,1,1,2,1,1,0,0,0,0,0
931,3.0,0.0,1.0,1,2,1,2,2,1,1,0,0,0,0,0
932,2.0,2.0,1.0,1,3,1,2,2,1,1,1,0,0,1,1
933,2.0,0.0,2.0,1,3,1,2,2,1,1,0,0,0,0,0
934,3.0,2.0,1.0,1,3,1,2,2,2,1,0,0,0,0,0
935,2.0,2.0,1.0,1,3,1,2,2,1,1,0,0,0,0,0
936,5.0,3.0,3.0,1,3,1,1,2,1,1,0,0,0,0,0
937,5.0,4.0,3.0,1,3,1,1,1,1,1,0,0,0,0,0
938,1.0,0.0,2.0,1,2,1,2,2,1,1,0,0,0,0,0
939,1.0,4.0,2.0,1,2,1,2,2,1,1,0,0,0,0,0
940,5.0,4.0,3.0,1,3,1,2,1,1,1,0,0,0,0,0
941,2.0,2.0,1.0,2,2,1,2,2,1,1,0,0,0,0,0
942,0.0,5.0,2.0,1,2,1,2,2,1,1,0,0,0,0,0
943,3.0,2.0,1.0,1,2,1,2,2,1,1,1,0,0,1,1
944,2.0,2.0,1.0,1,3,1,2,2,1,1,1,0,0,1,1
945,5.0,3.0,3.0,1,3,1,1,2,1,1,1,0,0,1,1
946,5.0,4.0,3.0,1,3,1,1,1,1,1,0,0,0,0,0
947,5.0,4.0,3.0,1,1,1,2,2,1,1,0,0,0,0,0
948,5.0,4.0,3.0,1,3,1,2,1,1,1,0,0,0,0,0
949,2.0,0.0,1.0,1,2,1,2,2,1,1,0,0,0,0,0
950,4.0,2.0,0.0,1,2,1,2,2,2,1,0,1,1,2,1
951,3.0,2.0,0.0,2,3,1,2,2,2,1,0,0,0,0,0
952,2.0,0.0,1.0,1,3,1,1,2,1,1,0,2,0,2,1
953,1.0,3.0,2.0,1,3,1,1,2,1,1,0,0,0,0,0
954,5.0,3.0,3.0,1,2,1,1,2,1,1,0,0,0,0,0
955,0.0,5.0,2.0,1,3,1,1,2,1,1,0,0,0,0,0
956,5.0,4.0,3.0,1,2,1,2,1,1,1,0,0,0,0,0
957,2.0,0.0,1.0,1,2,1,2,2,1,1,1,0,0,1,1
958,3.0,2.0,0.0,2,2,3,2,2,2,1,0,0,0,0,0
959,4.0,2.0,0.0,1,3,1,2,2,2,1,0,0,0,0,0
960,2.0,2.0,0.0,2,3,1,2,2,2,1,1,3,2,6,1
961,1.0,4.0,1.0,1,2,1,1,2,1,1,0,0,0,0,0
962,5.0,4.0,3.0,1,3,1,1,2,1,1,0,0,0,0,0
963,2.0,0.0,1.0,1,3,1,1,2,1,1,0,0,0,0,0
964,2.0,4.0,2.0,1,3,1,1,2,1,1,0,0,0,0,0
965,5.0,4.0,3.0,1,2,1,1,1,1,1,0,0,0,0,0
966,0.0,5.0,2.0,1,3,1,1,2,1,1,0,0,0,0,0
967,5.0,4.0,3.0,1,2,1,2,1,1,1,0,0,0,0,0
968,2.0,4.0,2.0,1,1,1,2,2,1,1,0,0,0,0,0
969,3.0,2.0,0.0,2,3,3,2,2,2,1,1,0,1,2,1
970,4.0,2.0,1.0,1,2,1,2,2,2,1,0,0,0,0,0
971,3.0,2.0,0.0,2,3,3,2,2,2,1,0,5,1,6,1
972,1.0,3.0,1.0,1,2,1,1,2,1,1,0,0,0,0,0
973,0.0,4.0,2.0,1,3,1,1,2,1,1,0,0,0,0,0
974,2.0,0.0,2.0,1,3,1,2,2,1,1,1,0,0,1,1
975,1.0,3.0,2.0,1,3,1,1,2,1,1,0,0,0,0,0
976,5.0,4.0,3.0,1,3,1,1,1,1,1,0,0,0,0,0
977,1.0,3.0,2.0,1,2,1,1,2,1,1,0,0,0,0,0
978,5.0,4.0,3.0,1,2,1,2,1,1,1,0,0,0,0,0
979,5.0,4.0,3.0,2,2,1,2,2,1,1,0,0,0,0,0
980,3.0,2.0,0.0,2,2,3,2,2,2,1,2,2,0,4,1
981,3.0,2.0,1.0,1,3,1,2,2,2,1,1,0,0,1,1
982,3.0,2.0,0.0,2,2,3,2,2,2,1,0,0,0,0,0
983,0.0,4.0,2.0,1,2,1,1,2,1,1,0,0,0,0,0
984,3.0,0.0,1.0,1,3,1,2,2,1,1,0,0,0,0,0
985,2.0,3.0,1.0,1,3,1,1,2,1,1,0,0,0,0,0
986,5.0,4.0,3.0,1,2,1,1,1,1,1,0,0,0,0,0
987,1.0,3.0,2.0,1,3,1,1,2,1,1,0,0,0,0,0
988,5.0,4.0,3.0,1,3,1,2,2,1,1,0,0,0,0,0
989,3.0,2.0,0.0,2,2,2,2,2,2,1,4,0,0,4,1
990,3.0,0.0,1.0,1,2,1,2,2,1,1,3,0,0,3,1
991,5.0,4.0,3.0,1,2,1,1,2,1,1,0,0,0,0,0
992,3.0,0.0,2.0,2,2,1,2,2,1,1,0,0,0,0,0
993,2.0,3.0,1.0,1,3,1,2,2,1,1,0,0,0,0,0
994,5.0,4.0,3.0,1,2,1,1,1,1,1,0,0,0,0,0
995,5.0,3.0,3.0,1,3,1,1,2,1,1,0,0,0,0,0
996,2.0,4.0,2.0,1,3,1,1,2,1,1,0,0,0,0,0
997,5.0,3.0,3.0,1,2,1,1,1,1,1,0,0,0,0,0
998,3.0,2.0,0.0,2,2,2,2,2,2,1,0,0,0,0,0
999,4.0,4.0,1.0,2,2,1,2,2,1,1,2,0,0,2,1
1000,2.0,4.0,1.0,1,3,1,1,2,1,1,1,0,0,1,1
1001,5.0,4.0,3.0,1,3,1,1,2,1,1,0,0,0,0,0
1002,2.0,4.0,2.0,1,3,1,2,2,1,1,0,0,0,0,0
1003,2.0,0.0,1.0,1,2,1,2,2,1,1,0,0,0,0,0
1004,5.0,0.0,3.0,1,3,1,1,1,1,1,0,0,0,0,0
1005,2.0,4.0,2.0,1,2,1,1,2,1,1,0,0,0,0,0
1006,5.0,4.0,3.0,1,2,1,1,1,1,1,0,0,0,0,0
1007,1.0,4.0,2.0,1,3,1,1,2,1,1,0,0,0,0,0
1008,5.0,4.0,3.0,1,2,1,2,1,1,1,0,0,0,0,0
1009,3.0,2.0,0.0,2,3,1,2,2,2,1,2,1,0,3,1
1010,4.0,0.0,1.0,2,2,1,2,2,1,1,0,0,0,0,0
1011,1.0,4.0,2.0,1,2,1,2,2,1,1,0,0,0,0,0
1012,2.0,0.0,1.0,1,2,1,2,2,1,1,0,0,0,0,0
1013,5.0,0.0,3.0,1,2,1,1,1,1,1,0,0,0,0,0
1014,0.0,5.0,2.0,1,3,1,1,2,1,1,0,0,0,0,0
1015,5.0,4.0,3.0,1,3,1,1,1,1,1,0,0,0,0,0
1016,2.0,0.0,2.0,1,3,1,1,2,1,1,0,0,0,0,0
1017,2.0,1.0,2.0,1,3,1,2,2,1,1,0,0,0,0,0
1018,2.0,4.0,2.0,1,3,1,1,2,1,1,2,1,0,3,1
1019,3.0,2.0,0.0,2,2,1,2,2,1,1,0,0,0,0,0
1020,4.0,0.0,1.0,1,2,1,2,2,1,1,0,0,0,0,0
1021,1.0,4.0,2.0,1,2,1,2,2,1,1,0,0,0,0,0
1022,2.0,0.0,1.0,1,1,1,2,2,1,1,1,1,0,2,1
1023,5.0,0.0,3.0,1,2,1,1,1,1,1,0,0,0,0,0
1024,5.0,4.0,3.0,1,2,1,1,1,1,1,0,0,0,0,0
1025,2.0,0.0,2.0,1,2,1,1,2,1,1,0,0,0,0,0
1026,2.0,1.0,2.0,1,3,1,2,2,1,1,0,0,0,0,0
1027,2.0,4.0,2.0,1,3,1,1,2,1,1,0,0,0,0,0
1028,5.0,4.0,3.0,1,1,1,2,2,1,1,0,0,0,0,0
1029,4.0,4.0,1.0,1,3,1,2,2,1,1,0,0,0,0,0
1030,5.0,4.0,3.0,1,3,1,1,1,1,1,0,0,0,0,0
1031,0.0,5.0,1.0,1,2,1,1,2,1,1,0,0,0,0,0
1032,2.0,1.0,2.0,1,2,1,2,2,1,1,0,0,0,0,0
1033,2.0,3.0,2.0,1,3,1,1,2,1,1,0,0,0,0,0
1034,2.0,0.0,1.0,2,3,2,1,2,1,1,0,0,0,0,0
1035,5.0,4.0,3.0,1,2,1,1,1,1,1,0,0,0,0,0
1036,1.0,3.0,2.0,1,3,1,1,2,1,1,1,0,0,1,1
1037,1.0,3.0,2.0,1,2,1,1,2,1,1,0,0,0,0,0
1038,2.0,1.0,2.0,1,2,1,2,2,1,1,0,0,0,0,0
1039,1.0,4.0,2.0,1,2,1,1,2,1,1,0,0,0,0,0
1040,3.0,0.0,1.0,1,2,1,2,2,1,1,0,0,0,0,0
1041,5.0,4.0,3.0,1,2,1,1,1,1,1,1,0,0,1,1
1042,1.0,4.0,2.0,1,3,1,1,2,1,1,0,0,0,0,0
1043,5.0,4.0,3.0,1,2,1,1,2,1,1,0,0,0,0,0
1044,2.0,4.0,2.0,1,3,1,2,2,1,1,0,0,0,0,0
1045,0.0,5.0,2.0,1,1,1,1,2,1,1,0,0,0,0,0
1046,3.0,0.0,2.0,1,2,1,2,2,1,1,4,1,0,5,1
1047,5.0,4.0,3.0,1,3,1,1,1,1,1,1,0,0,1,1
1048,5.0,4.0,3.0,1,3,1,1,1,1,1,0,0,0,0,0
1049,5.0,4.0,3.0,1,2,1,1,2,1,1,0,0,0,0,0
1050,5.0,4.0,3.0,1,2,1,1,2,1,1,1,0,0,1,1
1051,2.0,1.0,2.0,1,3,1,2,2,1,1,0,0,0,0,0
1052,3.0,0.0,1.0,2,2,1,2,2,1,1,0,0,0,0,0
1053,2.0,4.0,2.0,1,3,1,1,2,1,1,0,0,0,0,0
1054,5.0,4.0,3.0,1,1,1,1,1,1,1,0,0,0,0,0
1055,5.0,4.0,3.0,1,2,1,1,2,1,1,0,0,0,0,0
1056,5.0,4.0,3.0,1,2,1,1,2,1,1,1,0,0,1,1
1057,2.0,4.0,2.0,1,2,1,2,2,1,1,0,0,0,0,0
1058,5.0,4.0,3.0,1,2,2,2,2,1,1,0,0,0,0,0
1059,5.0,4.0,3.0,2,2,1,1,2,1,1,0,0,0,0,0
1060,2.0,3.0,2.0,1,3,1,1,2,1,1,0,0,0,0,0
1061,5.0,4.0,3.0,1,2,1,1,1,1,1,0,0,0,0,0
1062,5.0,4.0,3.0,2,2,1,1,2,1,1,0,0,0,0,0
1063,1.0,4.0,2.0,1,2,1,2,2,1,1,0,0,0,0,0
1064,5.0,3.0,3.0,1,2,1,1,2,1,1,0,0,0,0,0
1065,0.0,5.0,2.0,1,1,1,1,2,1,1,0,0,0,0,0
